,created_at,PM1.0_ATM_ug/m3,PM2.5_ATM_ug/m3,PM10.0_ATM_ug/m3,UptimeMinutes,RSSI_dbm,Temperature_F,Humidity_%,PM1.0_CF1_ug/m3,PM2.5_CF1_ug/m3,PM10.0_CF1_ug/m3,>=0.3um/dl,>=0.5um/dl,>=1.0um/dl,>=2.5um/dl,>=5.0um/dl,>=10.0um/dl,PM1.0_ATM_B_ug/m3,PM2.5_ATM_B_ug/m3,PM10.0_ATM_B_ug/m3,UptimeMinutes_B,ADC,Pressure_hpa,PM1.0_CF1_B_ug/m3,PM2.5_CF1_B_ug/m3,PM10.0_CF1_B_ug/m3,>=0.3_B_um/dl,>=0.5_B_um/dl,>=1.0_B_um/dl,>=2.5_B_um/dl,>=5.0_B_um/dl,>=10.0_B_um/dl
376,2022-04-07 12:34:00+00:00,0.95,2.05,3.73,69485,-68,68,27,0.95,2.05,3.73,395.35,112.2,22.55,3.56,2.22,1.35,1.31,3.12,3.95,22608,0.03,960.03,1.31,3.12,3.95,433.97,124.93,24.07,5.66,0.79,0.79
377,2022-04-07 12:36:00+00:00,2.07,3.03,4.48,69605,-68,68,27,2.07,3.03,4.48,533.9,152.22,24.67,4.03,1.31,0.86,2.09,4.43,7.16,23448,0.03,960.16,2.09,4.43,7.16,560.36,156.5,37.61,8.21,3.46,2.25
378,2022-04-07 12:38:00+00:00,1.74,3.21,4.93,69725,-68,68,28,1.74,3.21,4.93,502.55,144.26,27.72,4.69,2.14,1.69,1.89,3.55,5.6,23448,0.03,960.22,1.89,3.55,5.6,524.07,147.27,25.96,6.15,2.22,2.22
379,2022-04-07 12:40:00+00:00,1.42,2.75,3.76,69845,-68,68,28,1.42,2.75,3.76,451.36,127.71,26.55,3.24,1.13,0.87,2.1,3.9,4.85,21992,0.03,960.25,2.1,3.9,4.85,583.73,157.97,28.31,3.83,1.22,1.22
380,2022-04-07 12:42:00+00:00,2.2,3.96,6.8,69965,-68,68,28,2.2,3.96,6.8,591.05,168.2,34.84,6.29,3.05,2.8,2.41,4.31,6.5,21992,0.03,960.4,2.41,4.31,6.5,665.9,178.17,31.34,6.55,2.72,1.69
381,2022-04-07 12:44:00+00:00,2.4,3.9,4.9,70085,-68,68,28,2.4,3.9,4.9,583.71,159.72,29.21,4.03,0.83,0.83,2.02,3.82,6.23,21992,0.03,960.34,2.02,3.82,6.23,616.29,160.82,27.32,7.25,3.11,1.61
382,2022-04-07 12:46:00+00:00,2.37,4.0,6.78,70205,-68,68,28,2.37,4.0,6.78,614.14,167.95,32.44,7.36,3.12,3.12,2.56,3.93,5.78,21704,0.03,960.42,2.56,3.93,5.78,648.76,176.29,28.22,3.45,2.36,1.31
383,2022-04-07 12:48:00+00:00,1.91,3.38,4.59,70325,-68,68,28,1.91,3.38,4.59,543.16,150.21,28.18,4.29,0.79,0.79,2.08,3.86,5.15,21704,0.03,960.41,2.08,3.86,5.15,610.78,166.27,35.46,4.27,1.49,0.41
384,2022-04-07 12:50:00+00:00,2.29,4.22,5.42,70445,-68,67,28,2.29,4.22,5.42,650.69,167.41,35.15,4.98,1.02,1.02,2.45,4.16,5.5,21992,0.03,960.44,2.45,4.16,5.5,612.54,167.18,31.29,4.96,1.71,1.36
385,2022-04-07 12:52:00+00:00,3.31,5.05,7.09,70565,-68,67,28,3.31,5.05,7.09,720.0,197.21,40.26,6.55,1.93,1.93,2.45,4.58,6.22,21992,0.03,960.46,2.45,4.58,6.22,672.0,179.16,36.04,5.05,2.15,1.64
386,2022-04-07 12:53:00+00:00,2.53,4.58,9.21,116,0,68,28,2.53,4.58,9.21,686.16,189.35,37.09,11.26,5.4,4.37,3.22,5.53,6.65,36320,,960.49,3.22,5.53,6.65,779.1,199.95,34.25,7.65,1.5,1.00
387,2022-04-07 12:55:00+00:00,2.66,4.54,7.93,236,0,68,28,2.66,4.54,7.93,717.96,194.96,32.79,6.89,4.5,3.71,3.0,5.44,7.3,36232,0.03,960.55,3.0,5.44,7.3,729.79,204.84,36.81,7.47,2.25,2.25
388,2022-04-07 12:57:00+00:00,1.79,3.76,5.12,356,0,67,28,1.79,3.76,5.12,565.97,161.17,32.21,5.79,1.48,1.48,1.89,2.98,4.66,36232,0.03,960.63,1.89,2.98,4.66,576.23,158.49,27.85,3.66,1.74,1.74
389,2022-04-07 12:59:00+00:00,1.39,2.96,5.98,476,0,68,28,1.39,2.96,5.98,515.04,145.86,32.86,6.54,3.57,2.36,1.9,3.4,5.12,36520,0.03,960.61,1.9,3.4,5.12,533.59,148.86,23.48,3.55,2.0,2.00
390,2022-04-07 13:01:00+00:00,1.82,2.95,4.15,596,0,65,28,1.82,2.95,4.15,490.2,142.35,26.95,2.65,1.38,1.38,1.74,3.74,4.35,36520,0.03,958.63,1.74,3.74,4.35,528.53,147.79,27.93,4.53,0.95,0.95
391,2022-04-07 13:03:00+00:00,1.12,2.25,3.27,716,0,65,27,1.12,2.25,3.27,375.71,105.53,22.36,2.85,1.25,1.25,0.96,2.22,2.75,36520,0.03,958.57,0.96,2.22,2.75,423.71,112.95,17.35,2.33,0.62,0.62
392,2022-04-07 13:05:00+00:00,1.73,3.59,4.85,836,0,69,27,1.73,3.59,4.85,535.42,145.22,32.51,4.95,1.66,0.81,2.49,4.47,6.04,36520,0.03,960.78,2.49,4.47,6.04,700.8,185.38,38.95,4.44,1.85,0.91
393,2022-04-07 13:07:00+00:00,1.39,3.02,4.55,956,0,65,27,1.39,3.02,4.55,490.61,138.45,22.23,4.93,2.18,1.82,1.93,3.39,4.81,36520,0.03,958.4,1.93,3.39,4.81,570.71,150.07,28.37,5.22,1.8,0.88
394,2022-04-07 13:09:00+00:00,1.27,2.32,3.5,1076,0,68,26,1.27,2.32,3.5,383.09,108.96,24.36,3.57,1.18,1.18,1.38,2.31,3.09,36520,0.03,959.82,1.38,2.31,3.09,503.59,129.97,18.38,2.03,1.0,0.48
395,2022-04-07 13:11:00+00:00,0.86,2.07,4.04,1196,0,69,26,0.86,2.07,4.04,395.11,110.42,21.58,4.28,2.11,2.11,1.73,3.18,5.49,36520,0.03,960.96,1.73,3.18,5.49,464.95,130.47,26.47,5.38,2.36,2.15
396,2022-04-07 13:13:00+00:00,1.19,2.26,6.33,116,0,69,26,1.19,2.26,6.33,410.5,113.71,22.81,8.1,4.95,4.95,1.62,2.92,4.15,36656,,960.9,1.62,2.92,4.15,524.85,132.8,20.65,3.2,1.75,0.75
397,2022-04-07 13:15:00+00:00,1.47,3.36,4.85,236,0,69,26,1.47,3.36,4.85,486.76,145.07,25.58,6.33,1.53,1.53,1.32,3.09,4.54,36504,0.03,961.0,1.32,3.09,4.54,548.32,126.11,22.18,5.37,2.07,1.68
398,2022-04-07 13:17:00+00:00,1.69,3.14,4.59,356,0,69,26,1.69,3.14,4.59,535.02,145.17,29.15,3.83,1.93,1.53,2.31,3.84,5.78,36504,0.03,960.98,2.31,3.84,5.78,647.13,169.09,23.78,4.84,2.69,1.67
399,2022-04-07 13:19:00+00:00,1.55,2.78,4.14,476,0,69,26,1.55,2.78,4.14,451.76,126.1,24.72,4.21,1.28,0.86,1.48,2.55,4.23,36504,0.03,961.02,1.48,2.55,4.23,563.46,125.43,22.89,4.86,2.36,0.89
400,2022-04-07 13:21:00+00:00,1.55,2.59,3.86,596,0,69,25,1.55,2.59,3.86,451.55,128.55,22.2,2.89,1.54,1.54,1.54,3.69,4.69,36504,0.03,961.12,1.54,3.69,4.69,634.27,146.98,29.46,7.56,0.98,0.61
401,2022-04-07 13:23:00+00:00,1.49,2.78,5.27,716,0,69,25,1.49,2.78,5.27,437.35,123.15,31.27,5.2,2.76,2.29,1.4,2.74,4.03,36504,0.03,961.2,1.4,2.74,4.03,462.0,120.28,17.76,5.14,1.45,1.45
402,2022-04-07 13:25:00+00:00,1.05,2.11,3.0,836,0,66,25,1.05,2.11,3.0,317.74,93.02,19.47,2.81,0.91,0.91,1.32,2.7,2.79,36504,0.03,958.66,1.32,2.7,2.79,473.79,112.43,22.04,2.71,0.18,0.18
403,2022-04-07 13:27:00+00:00,1.11,2.04,2.98,956,0,69,25,1.11,2.04,2.98,345.47,95.68,20.23,2.53,0.84,0.84,0.7,1.36,1.36,36504,0.03,961.3,0.7,1.36,1.36,355.13,95.7,12.57,0.53,0.0,0.00
404,2022-04-07 13:29:00+00:00,1.14,2.47,3.55,1076,0,70,25,1.14,2.47,3.55,369.26,103.07,21.43,3.83,1.24,0.83,0.88,1.65,1.98,36504,0.03,961.42,0.88,1.65,1.98,380.74,97.12,14.53,1.26,0.42,0.42
405,2022-04-07 13:31:00+00:00,1.05,2.36,3.39,1196,0,69,24,1.05,2.36,3.39,369.38,106.91,21.68,3.07,1.36,1.36,1.72,2.9,3.93,36504,0.03,961.46,1.72,2.9,3.93,519.52,133.31,16.69,3.28,1.38,1.38
406,2022-04-07 13:33:00+00:00,0.8,1.68,3.68,116,0,69,24,0.8,1.68,3.68,341.05,99.1,16.78,4.29,2.24,2.24,1.38,2.46,2.87,36656,,961.5,1.38,2.46,2.87,543.23,131.03,21.18,1.79,0.51,0.51
407,2022-04-07 13:35:00+00:00,0.67,1.8,2.65,236,0,70,24,0.67,1.8,2.65,304.85,84.84,17.53,3.13,1.13,0.73,0.76,1.43,1.97,36568,0.03,961.53,0.76,1.43,1.97,397.24,102.48,14.62,2.48,0.38,0.38
408,2022-04-07 13:37:00+00:00,0.73,1.39,2.81,356,0,70,24,0.73,1.39,2.81,372.0,99.78,15.05,3.02,2.03,1.63,1.12,2.34,3.48,36568,0.03,961.51,1.12,2.34,3.48,436.82,122.11,21.07,4.25,1.39,0.75
409,2022-04-07 13:39:00+00:00,0.41,1.5,1.76,476,0,70,24,0.41,1.5,1.76,325.66,93.47,19.38,1.14,0.45,0.1,0.82,1.61,2.68,36504,0.03,961.61,0.82,1.61,2.68,331.71,86.0,13.89,2.96,1.75,0.36
410,2022-04-07 13:41:00+00:00,0.66,1.8,1.84,596,0,71,24,0.66,1.8,1.84,319.55,84.05,16.29,3.11,0.0,0.0,0.9,2.67,3.45,36504,0.03,961.61,0.9,2.67,3.45,406.34,109.38,23.24,6.45,0.76,0.59
411,2022-04-07 13:43:00+00:00,0.56,1.86,2.74,716,0,70,23,0.56,1.86,2.74,304.16,85.47,20.74,4.21,1.16,1.12,0.75,1.54,2.32,36504,0.03,961.68,0.75,1.54,2.32,332.0,90.0,15.89,3.19,0.88,0.88
412,2022-04-07 13:45:00+00:00,0.82,1.81,2.39,836,0,69,24,0.82,1.81,2.39,311.79,89.26,19.96,1.72,0.81,0.49,0.68,1.51,2.12,36504,0.03,960.42,0.68,1.51,2.12,364.42,86.95,16.11,2.21,0.91,0.39
413,2022-04-07 13:47:00+00:00,0.53,1.67,2.53,956,0,70,23,0.53,1.67,2.53,271.26,74.7,18.0,4.25,1.09,1.09,0.48,1.21,1.55,36504,0.03,961.68,0.48,1.21,1.55,328.61,74.89,12.89,1.61,0.54,0.54
414,2022-04-07 13:49:00+00:00,1.05,2.52,4.79,1076,0,71,23,1.05,2.52,4.79,411.59,114.2,23.93,5.5,3.14,2.68,0.82,2.04,3.96,36504,0.03,961.72,0.82,2.04,3.96,463.89,118.81,22.77,4.56,2.32,1.47
415,2022-04-07 13:51:00+00:00,1.02,1.89,2.81,1196,0,71,23,1.02,1.89,2.81,345.67,95.98,15.11,2.59,0.93,0.93,0.79,1.69,2.36,36504,0.03,961.75,0.79,1.69,2.36,385.45,94.28,15.55,2.83,0.83,0.38
416,2022-04-07 13:53:00+00:00,0.36,0.88,1.95,116,0,70,23,0.36,0.88,1.95,246.71,70.29,12.29,1.48,1.0,1.0,1.0,2.03,2.58,36656,,961.74,1.0,2.03,2.58,469.8,96.0,14.0,1.4,0.6,0.60
417,2022-04-07 13:55:00+00:00,0.71,1.2,2.68,236,0,70,23,0.71,1.2,2.68,254.41,74.95,15.14,2.93,1.54,1.21,0.84,1.77,2.89,36568,0.03,961.79,0.84,1.77,2.89,406.53,91.26,14.21,3.68,1.47,1.02
418,2022-04-07 13:57:00+00:00,0.47,1.05,2.39,356,0,70,24,0.47,1.05,2.39,278.34,74.47,14.44,2.68,1.69,0.92,0.91,1.73,2.13,36568,0.03,961.79,0.91,1.73,2.13,363.71,93.2,17.24,2.0,0.76,0.00
419,2022-04-07 13:59:00+00:00,0.53,1.18,1.77,476,0,70,24,0.53,1.18,1.77,272.63,76.84,15.4,1.79,0.63,0.49,1.3,2.07,2.7,36568,0.03,961.86,1.3,2.07,2.7,425.36,104.82,14.21,2.11,0.5,0.46
420,2022-04-07 14:01:00+00:00,0.59,1.32,2.88,596,0,70,24,0.59,1.32,2.88,336.16,87.48,18.57,3.07,1.75,1.57,0.74,1.12,1.63,36568,0.03,961.89,0.74,1.12,1.63,331.26,82.0,8.46,1.23,0.53,0.53
421,2022-04-07 14:03:00+00:00,0.22,1.4,1.96,716,0,70,24,0.22,1.4,1.96,263.18,74.07,15.75,2.8,0.95,0.51,0.71,1.41,2.55,36504,0.03,962.04,0.71,1.41,2.55,346.86,84.72,16.72,2.76,1.72,0.86
422,2022-04-07 14:05:00+00:00,0.6,1.02,2.07,836,0,70,24,0.6,1.02,2.07,250.11,69.81,13.93,1.86,0.98,0.98,0.7,1.77,2.45,36504,0.03,961.97,0.7,1.77,2.45,364.39,89.14,17.0,1.57,0.79,0.79
423,2022-04-07 14:07:00+00:00,0.68,1.14,2.4,956,0,70,23,0.68,1.14,2.4,315.26,86.46,18.23,1.75,1.44,1.44,0.53,1.49,3.16,36504,0.03,962.01,0.53,1.49,3.16,356.51,92.76,17.02,4.4,1.71,1.71
424,2022-04-07 14:09:00+00:00,0.89,1.43,1.43,1076,0,69,23,0.89,1.43,1.43,288.8,84.2,11.43,0.14,0.0,0.0,0.56,1.39,2.67,36504,0.03,962.18,0.56,1.39,2.67,343.47,89.72,17.16,2.91,1.75,1.23
425,2022-04-07 14:11:00+00:00,0.38,1.18,2.6,1196,0,70,23,0.38,1.18,2.6,267.6,76.55,15.78,2.87,1.64,1.64,0.75,1.69,2.97,36504,0.03,962.26,0.75,1.69,2.97,474.1,100.78,17.63,3.76,1.97,0.71
426,2022-04-07 14:13:00+00:00,1.12,2.27,3.44,116,0,70,23,1.12,2.27,3.44,397.1,108.54,16.93,4.05,1.66,1.66,1.1,1.9,2.38,36656,,962.27,1.1,1.9,2.38,471.6,96.9,13.75,2.2,0.9,0.30
427,2022-04-07 14:15:00+00:00,0.33,0.82,1.76,236,0,70,23,0.33,0.82,1.76,236.78,61.56,12.18,1.96,1.31,0.95,0.46,1.31,2.34,36504,0.03,962.28,0.46,1.31,2.34,308.24,82.0,18.95,2.85,1.29,1.29
428,2022-04-07 14:17:00+00:00,0.4,1.03,2.95,356,0,70,23,0.4,1.03,2.95,281.65,75.0,13.83,4.37,2.33,2.23,0.8,1.64,1.96,35936,0.03,962.37,0.8,1.64,1.96,294.86,80.82,13.18,2.64,0.36,0.36
429,2022-04-07 14:19:00+00:00,0.24,0.88,1.93,476,0,70,22,0.24,0.88,1.93,222.97,62.25,13.05,2.51,1.22,0.88,0.04,0.7,1.11,36128,0.03,962.37,0.04,0.7,1.11,265.5,58.25,12.82,1.43,0.46,0.00
430,2022-04-07 14:21:00+00:00,0.26,1.91,2.58,596,0,70,22,0.26,1.91,2.58,277.13,75.72,18.83,6.3,0.94,0.94,0.34,1.02,1.5,36128,0.03,962.48,0.34,1.02,1.5,305.36,70.75,9.43,2.5,0.5,0.50
431,2022-04-07 14:23:00+00:00,0.51,0.88,2.84,716,0,70,23,0.51,0.88,2.84,263.37,75.96,16.6,2.98,2.11,2.11,0.75,1.53,1.96,35792,0.03,962.42,0.75,1.53,1.96,331.79,81.75,14.42,2.46,0.39,0.39
432,2022-04-07 14:25:00+00:00,0.41,0.85,2.11,836,0,70,22,0.41,0.85,2.11,243.25,68.34,16.56,2.3,1.51,1.51,0.2,1.17,1.94,35792,0.03,962.49,0.2,1.17,1.94,272.0,76.74,17.48,2.63,1.0,0.59
433,2022-04-07 14:27:00+00:00,0.46,1.05,1.23,956,0,71,21,0.46,1.05,1.23,270.26,76.49,11.44,1.19,0.18,0.18,0.36,1.14,1.64,36080,0.03,962.42,0.36,1.14,1.64,258.52,68.62,14.14,1.66,0.41,0.41
434,2022-04-07 14:29:00+00:00,0.34,1.09,2.38,1076,0,71,22,0.34,1.09,2.38,245.46,70.32,14.14,3.71,1.32,1.32,0.46,0.95,0.95,36080,0.03,962.52,0.46,0.95,0.95,271.26,71.58,10.56,0.98,0.0,0.00
435,2022-04-07 14:31:00+00:00,0.33,0.71,1.33,1196,0,71,21,0.33,0.71,1.33,229.34,64.26,14.1,1.14,0.17,0.17,0.52,1.16,2.5,36080,0.03,962.53,0.52,1.16,2.5,312.43,71.89,11.71,4.04,1.79,0.96
436,2022-04-07 14:33:00+00:00,0.32,0.95,2.05,115,0,71,21,0.32,0.95,2.05,255.0,70.17,13.71,2.49,1.51,1.51,0.26,1.0,3.08,36656,,962.58,0.26,1.0,3.08,326.31,80.21,16.05,4.21,2.51,2.51
437,2022-04-07 14:35:00+00:00,0.69,1.4,1.76,235,0,70,21,0.69,1.4,1.76,287.62,76.31,13.67,1.71,0.44,0.44,0.29,0.95,1.36,36568,0.03,962.48,0.29,0.95,1.36,243.0,66.83,8.86,1.0,0.48,0.48
438,2022-04-07 14:37:00+00:00,0.38,0.86,2.53,355,0,71,21,0.38,0.86,2.53,228.21,64.59,15.28,3.1,2.31,1.41,0.5,1.29,2.3,36568,0.03,962.58,0.5,1.29,2.3,363.75,84.61,14.61,3.14,1.43,0.93
439,2022-04-07 14:39:00+00:00,0.4,1.12,2.14,475,0,71,21,0.4,1.12,2.14,258.16,74.02,15.02,2.32,1.58,1.12,0.62,1.44,2.73,36568,0.03,962.6,0.62,1.44,2.73,273.6,71.53,10.87,4.29,1.75,1.75
440,2022-04-07 14:41:00+00:00,0.11,0.91,3.32,595,0,71,20,0.11,0.91,3.32,253.32,70.32,16.35,4.0,3.26,2.0,0.66,1.34,1.69,36568,0.03,962.57,0.66,1.34,1.69,368.59,86.86,12.79,1.83,0.0,0.00
441,2022-04-07 14:43:00+00:00,0.07,1.12,1.82,715,0,72,21,0.07,1.12,1.82,236.52,63.79,18.61,3.32,1.0,0.39,0.39,1.28,1.28,36568,0.03,962.65,0.39,1.28,1.28,317.79,74.0,11.54,1.44,0.0,0.00
442,2022-04-07 14:45:00+00:00,0.27,0.58,0.97,835,0,71,20,0.27,0.58,0.97,216.97,60.73,8.75,1.53,0.51,0.51,0.29,1.38,2.57,36504,0.03,962.5,0.29,1.38,2.57,344.17,81.48,15.34,2.83,1.76,0.90
443,2022-04-07 14:47:00+00:00,0.19,1.11,2.14,955,0,69,20,0.19,1.11,2.14,245.74,68.0,18.89,4.25,1.23,1.23,0.29,1.04,1.6,36504,0.03,960.25,0.29,1.04,1.6,288.55,76.65,12.55,2.4,0.95,0.44
444,2022-04-07 14:49:00+00:00,0.38,1.12,2.45,1075,0,71,20,0.38,1.12,2.45,263.48,76.52,16.57,2.34,1.28,1.28,0.26,1.34,2.52,36504,0.03,962.68,0.26,1.34,2.52,280.34,71.52,13.83,3.45,1.79,0.83
445,2022-04-07 14:51:00+00:00,0.54,0.86,1.39,1195,0,71,20,0.54,0.86,1.39,234.27,69.46,9.75,0.89,0.68,0.68,0.58,1.46,2.12,36504,0.03,962.65,0.58,1.46,2.12,327.16,74.28,11.96,2.25,0.88,0.88
446,2022-04-07 14:53:00+00:00,0.21,1.33,2.33,116,0,70,20,0.21,1.33,2.33,199.71,58.69,16.86,4.43,1.33,1.33,0.26,1.21,1.92,36656,,962.62,0.26,1.21,1.92,245.69,62.97,14.56,2.72,0.56,0.56
447,2022-04-07 14:55:00+00:00,0.56,1.29,2.58,236,0,71,20,0.56,1.29,2.58,260.62,71.36,13.38,3.56,1.53,1.53,0.55,1.15,2.07,36568,0.03,962.81,0.55,1.15,2.07,265.8,72.7,13.5,3.07,1.0,0.50
448,2022-04-07 14:57:00+00:00,0.32,0.8,1.66,356,0,71,20,0.32,0.8,1.66,250.47,66.93,13.08,2.24,1.05,1.05,0.11,1.09,1.45,36568,0.03,962.74,0.11,1.09,1.45,288.75,70.89,15.61,1.39,0.43,0.43
449,2022-04-07 14:59:00+00:00,0.26,1.43,2.38,476,0,70,19,0.26,1.43,2.38,246.98,68.84,16.5,3.83,0.93,0.52,0.3,1.23,1.64,36568,0.03,962.88,0.3,1.23,1.64,291.74,69.32,14.49,1.92,0.64,0.49
450,2022-04-07 15:01:00+00:00,0.29,1.48,1.95,596,0,70,20,0.29,1.48,1.95,285.96,76.82,15.95,3.57,0.54,0.54,0.19,1.28,3.6,36568,0.03,962.68,0.19,1.28,3.6,312.0,75.1,15.76,5.59,3.28,1.72
451,2022-04-07 15:03:00+00:00,0.38,1.51,3.04,716,0,71,20,0.38,1.51,3.04,259.85,77.31,22.62,4.73,1.71,1.27,0.47,0.78,1.17,36568,0.03,962.79,0.47,0.78,1.17,265.66,69.21,9.41,1.9,0.17,0.00
452,2022-04-07 15:05:00+00:00,0.25,1.02,1.12,836,0,72,20,0.25,1.02,1.12,256.32,67.35,10.95,1.23,0.04,0.04,0.39,0.68,2.68,36568,0.03,962.95,0.39,0.68,2.68,320.89,74.93,15.29,3.5,2.25,2.25
453,2022-04-07 15:07:00+00:00,0.33,1.09,2.49,956,0,72,19,0.33,1.09,2.49,252.26,69.05,15.09,3.16,1.82,1.4,0.42,1.15,3.11,36568,0.03,962.81,0.42,1.15,3.11,289.2,79.49,16.87,4.04,2.33,2.15
454,2022-04-07 15:09:00+00:00,0.61,1.67,2.61,1076,0,72,19,0.61,1.67,2.61,290.37,78.19,21.37,4.7,0.6,0.6,0.54,1.11,1.93,36568,0.03,962.85,0.54,1.11,1.93,312.11,78.14,12.21,2.53,0.84,0.53
455,2022-04-07 15:11:00+00:00,0.2,0.78,2.07,1196,0,71,19,0.2,0.78,2.07,236.94,62.33,12.56,4.33,1.37,1.0,0.09,0.57,1.83,36568,0.03,962.7,0.09,0.57,1.83,291.0,71.69,11.14,3.34,1.66,1.66
456,2022-04-07 15:13:00+00:00,0.4,1.26,2.1,116,0,72,19,0.4,1.26,2.1,260.07,68.17,14.43,3.29,1.19,1.19,0.51,1.15,2.0,36656,,962.81,0.56,1.15,2.0,268.1,73.37,9.17,2.63,1.17,0.00
457,2022-04-07 15:15:00+00:00,0.43,1.7,2.48,236,0,72,19,0.43,1.7,2.48,271.98,75.61,15.54,4.14,0.96,0.96,0.76,1.76,2.98,36256,0.03,962.84,0.76,1.76,2.98,372.93,94.66,18.59,4.48,1.69,1.21
458,2022-04-07 15:17:00+00:00,0.24,1.12,2.02,356,0,72,19,0.24,1.12,2.02,232.29,64.91,12.62,3.1,0.9,0.9,0.39,1.67,2.06,36256,0.03,962.73,0.39,1.67,2.06,310.11,77.48,18.78,2.33,0.11,0.11
459,2022-04-07 15:19:00+00:00,0.53,1.61,2.32,476,0,72,19,0.53,1.61,2.32,292.32,75.58,15.36,2.75,0.75,0.75,0.65,1.42,1.98,36568,0.03,962.85,0.65,1.42,1.98,274.69,73.82,14.36,2.87,0.8,0.33
460,2022-04-07 15:21:00+00:00,0.29,1.46,2.88,596,0,68,19,0.29,1.46,2.88,283.12,79.04,20.18,3.39,1.57,1.57,0.54,1.16,1.91,36568,0.03,960.35,0.54,1.16,1.91,299.16,78.91,10.56,1.51,1.19,0.42
461,2022-04-07 15:23:00+00:00,0.4,1.04,1.49,716,0,73,18,0.4,1.04,1.49,267.55,72.35,13.45,1.31,0.47,0.47,0.92,2.05,3.19,36504,0.03,962.93,0.92,2.05,3.19,348.61,93.63,17.53,4.78,1.73,1.22
462,2022-04-07 15:25:00+00:00,0.52,1.14,1.78,836,0,72,18,0.52,1.14,1.78,278.38,73.55,16.28,1.48,0.76,0.76,0.23,1.09,2.12,36504,0.03,962.84,0.23,1.09,2.12,270.11,66.54,15.57,3.79,1.29,0.50
463,2022-04-07 15:27:00+00:00,0.75,1.75,4.16,956,0,71,18,0.75,1.75,4.16,307.47,85.67,20.35,5.93,2.6,2.42,0.46,1.44,3.28,36504,0.03,962.88,0.46,1.44,3.28,321.22,76.81,13.56,3.85,2.26,1.89
464,2022-04-07 15:29:00+00:00,0.53,1.44,3.89,1076,0,72,18,0.53,1.44,3.89,369.05,100.44,21.26,6.0,2.74,2.07,1.5,2.55,3.6,36504,0.03,962.74,1.5,2.55,3.6,449.79,124.62,20.38,2.38,1.28,0.90
465,2022-04-07 15:31:00+00:00,1.89,3.93,6.14,1196,0,72,18,1.89,3.93,6.14,489.32,145.62,31.95,8.14,2.89,2.25,1.76,3.43,4.52,36504,0.03,962.73,1.76,3.43,4.52,535.86,144.38,30.03,3.17,1.41,0.52
466,2022-04-07 15:33:00+00:00,2.14,3.43,4.81,116,0,73,18,2.14,3.43,4.81,508.79,149.1,29.45,2.57,1.81,1.81,1.59,2.74,3.41,36656,,962.8,1.59,2.74,3.41,494.31,137.95,16.46,2.82,0.92,0.31
467,2022-04-07 15:35:00+00:00,1.15,2.4,4.33,236,0,73,18,1.15,2.4,4.33,462.49,123.4,25.84,5.13,2.51,2.15,1.31,2.53,4.39,36568,0.03,962.85,1.31,2.53,4.39,424.27,112.24,20.34,5.29,2.2,2.20
468,2022-04-07 15:37:00+00:00,1.05,1.86,4.07,356,0,72,17,1.05,1.86,4.07,350.33,99.36,23.43,3.97,2.41,2.41,1.23,2.68,5.0,36568,0.03,962.83,1.23,2.68,5.0,469.93,119.71,25.36,5.54,2.61,2.61
469,2022-04-07 15:39:00+00:00,0.84,2.32,3.35,476,0,73,17,0.84,2.32,3.35,337.47,95.12,22.39,5.02,1.4,1.4,0.71,1.73,2.02,36568,0.03,962.84,0.71,1.73,2.02,388.29,102.54,17.04,2.43,0.5,0.04
470,2022-04-07 15:41:00+00:00,0.89,1.91,3.86,596,0,72,18,0.89,1.91,3.86,359.04,99.68,21.79,3.04,2.54,2.54,0.93,1.8,2.93,36232,0.03,962.88,0.93,1.8,2.93,383.68,99.21,15.25,3.46,0.89,0.89
471,2022-04-07 15:43:00+00:00,0.64,1.6,2.15,716,0,74,18,0.64,1.6,2.15,315.6,89.8,17.95,2.69,0.33,0.0,1.03,2.58,3.36,36232,0.03,962.94,1.03,2.58,3.36,428.85,117.29,23.15,4.31,0.78,0.37
472,2022-04-07 15:45:00+00:00,1.67,2.72,5.14,836,0,73,17,1.67,2.72,5.14,451.76,127.74,27.52,3.79,3.1,2.66,1.14,2.77,4.48,36232,0.03,962.85,1.14,2.77,4.48,425.57,115.89,20.57,6.86,1.57,1.57
473,2022-04-07 15:47:00+00:00,0.76,1.76,3.42,956,0,74,17,0.76,1.76,3.42,329.62,92.75,20.33,3.71,1.85,1.85,1.02,2.41,3.66,36208,0.03,962.7,1.02,2.41,3.66,410.14,111.97,21.39,4.44,1.32,1.32
474,2022-04-07 15:49:00+00:00,0.97,2.38,3.07,1076,0,73,17,0.97,2.38,3.07,377.53,111.41,20.55,2.97,0.86,0.34,1.11,2.65,3.12,34496,0.03,962.76,1.11,2.65,3.12,452.63,118.6,22.25,3.02,0.56,0.49
475,2022-04-07 15:51:00+00:00,1.08,2.29,3.2,1196,0,74,17,1.08,2.29,3.2,385.12,112.56,17.83,4.47,1.22,0.85,1.11,2.3,3.53,34976,0.03,962.64,1.11,2.3,3.53,460.53,122.32,19.16,4.42,1.54,1.16
476,2022-04-07 15:53:00+00:00,0.55,1.13,2.25,1316,0,73,17,0.55,1.13,2.25,298.58,85.67,17.67,1.56,1.2,1.2,0.95,1.77,2.72,35624,0.03,962.67,0.95,1.77,2.72,373.8,97.33,17.63,2.33,1.03,1.03
477,2022-04-07 15:55:00+00:00,0.72,1.56,2.23,116,0,74,17,0.72,1.56,2.23,340.19,98.44,18.09,2.47,0.65,0.65,0.65,1.38,2.15,36656,,962.66,0.65,1.38,2.15,396.75,99.0,15.2,2.85,0.9,0.90
478,2022-04-07 15:57:00+00:00,1.05,1.93,4.05,236,0,73,17,1.05,1.93,4.05,398.4,114.31,23.53,4.65,1.71,1.71,1.51,2.9,5.08,35880,0.03,962.74,1.51,2.9,5.08,525.97,126.85,29.63,4.64,2.81,2.34
479,2022-04-07 15:59:00+00:00,0.63,1.39,2.92,356,0,74,17,0.63,1.39,2.92,390.41,100.14,17.47,2.34,1.76,1.76,1.56,2.4,2.95,36504,0.03,962.66,1.56,2.4,2.95,588.98,138.0,18.58,1.67,0.98,0.00
480,2022-04-07 16:01:00+00:00,1.1,2.14,3.48,476,0,74,16,1.1,2.14,3.48,388.5,110.95,18.88,4.24,1.41,1.41,0.61,2.02,2.86,36504,0.03,962.66,0.61,2.02,2.86,470.04,113.46,23.07,3.21,1.43,0.50
481,2022-04-07 16:03:00+00:00,0.86,1.89,3.89,596,0,75,17,0.86,1.89,3.89,372.05,103.51,20.14,3.86,2.0,2.0,0.76,1.55,2.53,36504,0.03,962.69,0.76,1.55,2.53,358.24,89.28,18.07,3.66,0.83,0.83
482,2022-04-07 16:05:00+00:00,0.61,1.88,3.02,716,0,74,16,0.61,1.88,3.02,333.11,94.3,19.37,3.93,1.37,1.37,1.07,2.02,3.44,36504,0.03,962.54,1.07,2.02,3.44,428.42,118.25,18.63,2.81,1.65,1.16
483,2022-04-07 16:07:00+00:00,0.5,1.59,2.91,836,0,74,17,0.5,1.59,2.91,285.52,75.72,14.48,4.66,1.31,1.31,0.51,1.46,2.0,36504,0.03,962.53,0.51,1.46,2.0,353.68,78.18,15.65,2.21,0.49,0.35
484,2022-04-07 16:09:00+00:00,0.34,0.92,1.32,956,0,75,17,0.34,0.92,1.32,244.22,66.75,15.19,1.63,0.41,0.41,0.12,0.68,1.64,36504,0.03,962.59,0.12,0.68,1.64,248.46,62.54,13.75,1.75,1.21,0.93
485,2022-04-07 16:11:00+00:00,0.07,0.86,1.55,1076,0,74,16,0.07,0.86,1.55,213.67,61.88,13.21,2.24,0.86,0.86,0.44,1.53,2.75,36504,0.03,962.58,0.44,1.53,2.75,340.32,80.95,17.33,3.09,1.47,1.47
486,2022-04-07 16:13:00+00:00,0.22,0.56,2.44,1196,0,74,16,0.22,0.56,2.44,237.33,66.93,14.98,3.93,2.15,2.15,0.45,1.07,1.93,36504,0.03,962.52,0.45,1.07,1.93,361.24,78.86,12.41,1.83,1.03,1.03
487,2022-04-07 16:15:00+00:00,0.67,1.62,3.02,115,0,75,16,0.67,1.62,3.02,309.36,89.38,21.26,3.14,1.71,1.71,0.59,1.76,2.32,36656,,962.54,0.59,1.76,2.32,479.56,89.66,16.39,3.46,0.73,0.00
488,2022-04-07 16:17:00+00:00,0.84,2.02,3.11,235,0,74,16,0.84,2.02,3.11,346.5,97.5,20.82,3.86,1.75,0.79,0.44,1.58,2.16,36568,0.03,962.54,0.44,1.58,2.16,362.63,88.07,19.26,3.3,0.88,0.46
489,2022-04-07 16:19:00+00:00,0.59,1.12,2.64,355,0,74,16,0.59,1.12,2.64,295.55,82.21,12.62,2.52,2.07,1.86,1.07,1.87,2.24,36568,0.03,962.55,1.07,1.87,2.24,415.75,102.33,17.42,1.49,0.55,0.55
490,2022-04-07 16:21:00+00:00,0.69,1.15,2.31,475,0,75,16,0.69,1.15,2.31,295.88,78.66,13.56,3.25,1.39,0.85,0.62,1.91,3.58,36568,0.03,962.6,0.62,1.91,3.58,426.98,101.96,23.09,2.76,2.33,1.82
491,2022-04-07 16:23:00+00:00,0.61,2.33,4.16,595,0,76,16,0.61,2.33,4.16,348.37,97.75,22.32,7.19,2.39,1.75,0.84,1.29,1.29,36568,0.03,962.54,0.84,1.29,1.29,393.41,87.45,12.21,0.38,0.0,0.00
492,2022-04-07 16:25:00+00:00,1.57,2.54,2.93,715,0,74,16,1.57,2.54,2.93,442.39,119.28,20.93,2.52,0.26,0.04,0.95,2.07,3.85,36568,0.03,962.6,0.97,2.08,3.9,438.6,101.2,18.27,3.87,2.13,2.13
493,2022-04-07 16:27:00+00:00,0.65,1.61,3.67,835,0,75,16,0.65,1.61,3.67,308.32,82.25,14.46,4.98,2.77,2.77,0.73,2.3,2.93,36568,0.03,962.7,0.73,2.3,2.93,329.68,88.71,19.25,5.5,0.82,0.36
494,2022-04-07 16:29:00+00:00,0.42,0.91,1.86,955,0,76,15,0.42,0.91,1.86,238.37,68.84,12.98,2.77,1.54,1.16,0.33,1.07,1.07,36568,0.03,962.67,0.33,1.07,1.07,273.82,67.64,11.71,1.09,0.0,0.00
495,2022-04-07 16:31:00+00:00,0.55,1.95,3.43,1075,0,76,16,0.55,1.95,3.43,315.27,86.18,19.32,4.79,1.75,1.75,0.79,1.57,2.09,36568,0.03,962.63,0.79,1.57,2.09,347.38,82.52,14.31,1.38,0.72,0.72
496,2022-04-07 16:33:00+00:00,0.46,1.71,3.54,1195,0,76,16,0.46,1.71,3.54,276.8,75.54,18.93,5.29,2.18,2.18,0.9,2.0,2.42,36568,0.03,962.54,0.9,2.0,2.42,346.07,93.32,17.36,2.51,0.51,0.51
497,2022-04-07 16:35:00+00:00,0.88,1.9,2.71,116,0,76,15,0.88,1.9,2.71,282.29,78.79,15.67,4.33,0.95,0.95,0.77,2.28,2.53,36656,,962.53,0.77,2.28,2.53,394.65,98.85,16.55,3.7,0.25,0.25
498,2022-04-07 16:37:00+00:00,1.02,1.78,2.33,236,0,76,15,1.02,1.78,2.33,342.83,96.83,17.56,2.0,0.37,0.37,1.07,2.48,3.74,35944,0.03,962.52,1.07,2.48,3.74,429.31,108.97,22.62,5.48,1.9,0.83
499,2022-04-07 16:39:00+00:00,0.84,1.72,2.64,356,0,77,15,0.84,1.72,2.64,357.1,99.36,15.55,3.45,0.72,0.34,0.56,1.81,2.3,36520,0.03,962.41,0.56,1.81,2.3,367.58,99.89,18.95,3.02,0.53,0.53
500,2022-04-07 16:41:00+00:00,0.8,1.47,3.0,476,0,77,15,0.8,1.47,3.0,301.9,87.68,18.03,2.67,1.8,1.8,1.14,1.79,2.36,36520,0.03,962.47,1.14,1.79,2.36,375.64,96.57,13.71,1.61,0.68,0.68
501,2022-04-07 16:43:00+00:00,0.96,1.65,3.04,596,0,75,15,0.96,1.65,3.04,324.47,84.09,18.28,4.35,1.3,0.84,0.72,1.67,2.79,36520,0.03,962.49,0.72,1.67,2.79,312.95,83.09,17.02,3.47,2.07,0.53
502,2022-04-07 16:45:00+00:00,0.5,1.41,1.86,716,0,72,15,0.5,1.41,1.86,325.61,92.98,17.54,2.32,0.61,0.07,1.14,2.27,2.75,36520,0.03,959.79,1.14,2.27,2.75,423.36,113.46,19.05,3.46,0.68,0.00
503,2022-04-07 16:47:00+00:00,1.05,2.08,2.8,836,0,77,15,1.05,2.08,2.8,390.05,108.66,16.71,1.8,0.85,0.47,0.67,1.45,2.16,36520,0.03,962.45,0.67,1.45,2.16,358.36,93.27,14.22,1.82,1.2,0.80
504,2022-04-07 16:49:00+00:00,0.76,2.1,3.32,956,0,77,15,0.76,2.1,3.32,382.17,101.51,20.98,4.34,1.73,0.92,1.43,2.23,3.25,36520,0.03,962.09,1.43,2.23,3.25,441.86,122.86,18.25,2.18,1.29,1.29
