,created_at,PM1.0_ATM_ug/m3,PM2.5_ATM_ug/m3,PM10.0_ATM_ug/m3,UptimeMinutes,RSSI_dbm,Temperature_F,Humidity_%,PM2.5_CF1_ug/m3,>=0.3um/dl,>=0.5um/dl,>=1.0um/dl,>=2.5um/dl,>=5.0um/dl,>=10.0um/dl,PM1.0_CF1_ug/m3,PM10.0_CF1_ug/m3,PM1.0_ATM_B_ug/m3,PM2.5_ATM_B_ug/m3,PM10.0_ATM_B_ug/m3,UptimeMinutes_B,ADC,Pressure_hpa,PM2.5_CF1_B_ug/m3,>=0.3_B_um/dl,>=0.5_B_um/dl,>=1.0_B_um/dl,>=2.5_B_um/dl,>=5.0_B_um/dl,>=10.0_B_um/dl,PM1.0_CF1_ug/m3,PM10.0_CF1_ug/m3
0,2022-04-07 12:01:33+00:00,2.02,3.53,3.95,1126,-69,68,27,3.53,563.64,154.80,26.80,2.68,0.34,0.34,2.02,3.95,1.58,2.88,4.96,18512,0.03,959.31,2.88,523.47,136.70,22.46,6.00,3.09,1.23,1.58,4.96
1,2022-04-07 12:03:33+00:00,1.88,3.45,5.07,1128,-63,68,27,3.45,525.36,146.29,30.29,3.93,2.24,1.34,1.88,5.07,1.94,3.48,4.41,18512,0.03,959.43,3.48,531.56,144.37,32.33,3.15,0.93,0.93,1.94,4.41
2,2022-04-07 12:05:33+00:00,2.86,4.56,5.25,1130,-64,68,27,4.56,819.26,225.75,33.47,2.81,0.70,0.70,2.86,5.25,3.43,6.38,8.09,18512,0.03,959.42,6.38,897.10,245.79,39.31,8.76,2.07,2.07,3.43,8.09
3,2022-04-07 12:07:33+00:00,1.83,3.09,3.78,1132,-62,68,27,3.09,509.33,142.00,23.00,3.19,0.85,0.85,1.83,3.78,1.78,3.81,5.57,18512,0.03,959.45,3.81,544.14,146.07,28.31,5.90,2.41,2.00,1.78,5.57
4,2022-04-07 12:09:33+00:00,1.47,3.33,5.61,1134,-61,68,27,3.33,472.74,128.74,27.46,7.54,2.67,2.46,1.47,5.61,1.25,2.72,2.89,18512,0.03,959.50,2.72,443.16,120.49,22.56,1.79,0.35,0.35,1.25,2.89
5,2022-04-07 12:11:33+00:00,1.09,2.37,3.02,1136,-67,68,27,2.37,352.16,100.19,17.82,2.88,0.81,0.81,1.09,3.02,1.59,2.54,4.33,18512,0.03,959.46,2.54,442.11,122.78,21.41,3.00,2.15,1.78,1.59,4.33
6,2022-04-07 12:13:33+00:00,0.79,1.91,4.86,1138,-62,68,27,1.91,361.34,98.09,22.16,6.45,3.97,3.52,0.79,4.86,1.43,2.41,3.91,18680,0.03,959.54,2.41,447.96,114.00,21.32,3.21,1.82,1.79,1.43,3.91
7,2022-04-07 12:15:33+00:00,0.55,2.09,2.62,1140,-66,68,27,2.09,373.09,105.87,22.36,4.07,0.62,0.62,0.55,2.62,1.31,2.55,4.31,18512,0.03,959.59,2.55,481.34,121.66,22.86,4.07,2.07,1.45,1.31,4.31
8,2022-04-07 12:17:33+00:00,0.91,2.16,3.86,1142,-66,68,27,2.16,380.57,106.43,24.68,4.43,1.93,1.93,0.91,3.86,1.16,2.74,3.97,18512,0.03,959.60,2.74,479.90,128.41,24.07,4.07,1.31,0.62,1.16,3.97
9,2022-04-07 12:19:33+00:00,1.37,2.75,4.58,1144,-64,68,27,2.75,419.74,121.75,27.86,3.96,2.21,2.21,1.37,4.58,1.00,2.50,3.70,18512,0.03,959.71,2.50,390.00,101.71,23.71,4.57,1.71,0.54,1.00,3.70
10,2022-04-07 12:21:33+00:00,0.93,2.00,3.00,1146,-62,68,27,2.00,348.95,96.68,18.74,2.53,1.23,1.23,0.93,3.00,1.16,2.27,2.68,18512,0.03,959.73,2.27,385.50,96.36,16.11,3.32,0.54,0.36,1.16,2.68
11,2022-04-07 12:23:33+00:00,0.56,1.78,2.24,1148,-60,68,27,1.78,363.27,101.38,16.25,2.25,0.36,0.36,0.56,2.24,0.98,1.96,2.61,18680,0.03,959.80,1.96,425.16,111.89,18.91,2.60,0.70,0.49,0.98,2.61
12,2022-04-07 12:25:34+00:00,1.18,3.02,5.34,1150,-66,68,27,3.02,447.27,124.71,30.86,7.82,2.89,1.32,1.18,5.34,0.84,2.84,3.98,18680,0.03,959.91,2.84,498.62,136.00,26.31,5.76,1.52,1.17,0.84,3.98
13,2022-04-07 12:27:33+00:00,1.38,2.97,3.66,1152,-66,68,27,2.97,438.93,123.81,25.62,2.97,0.83,0.83,1.38,3.66,1.25,2.91,3.66,18512,0.03,959.97,2.91,449.36,130.11,24.00,3.82,1.14,0.57,1.25,3.66
14,2022-04-07 12:29:33+00:00,0.74,2.07,3.05,1154,-60,68,27,2.07,334.91,92.76,23.31,3.97,0.79,0.79,0.74,3.05,1.07,2.23,2.71,18512,0.03,960.04,2.23,396.32,102.96,21.93,2.54,0.96,0.00,1.07,2.71
15,2022-04-07 12:31:33+00:00,0.94,2.09,2.72,1156,-68,68,27,2.09,361.89,103.39,23.56,1.63,0.37,0.37,0.94,2.72,1.22,1.90,2.78,18512,0.03,960.08,1.90,383.80,103.73,17.83,1.25,1.25,0.81,1.22,2.78
16,2022-04-07 16:52:58+00:00,1.46,2.24,3.56,20,-66,77,15,2.24,421.42,117.25,20.34,2.64,1.32,0.92,1.46,3.56,1.57,2.88,3.12,17336,0.03,962.20,2.88,545.38,137.62,22.59,1.90,0.14,0.14,1.57,3.12
17,2022-04-07 16:54:59+00:00,1.82,3.57,6.25,22,-67,77,15,3.57,558.21,152.36,30.18,4.96,3.39,3.39,1.82,6.25,1.88,3.40,5.33,18576,0.03,962.14,3.40,591.26,161.30,31.79,4.32,2.74,2.35,1.88,5.33
18,2022-04-07 16:56:59+00:00,2.53,3.72,4.91,24,-65,77,15,3.72,598.84,169.77,23.79,3.75,0.70,0.70,2.53,4.91,2.38,4.02,4.25,18744,0.03,962.23,4.02,642.22,172.62,28.69,3.02,0.36,0.36,2.38,4.25
19,2022-04-07 16:58:59+00:00,2.10,3.62,3.64,26,-68,77,15,3.62,574.86,161.43,21.86,2.72,0.00,0.00,2.10,3.64,2.38,3.45,4.29,18512,0.03,962.15,3.45,636.32,172.61,24.46,2.71,1.00,0.46,2.38,4.29
20,2022-04-07 17:00:59+00:00,2.00,3.27,5.05,28,-65,77,16,3.27,529.47,145.65,26.64,4.07,2.11,1.75,2.00,5.05,2.21,3.76,5.28,18512,0.03,962.18,3.76,550.45,152.10,27.86,4.59,1.79,1.34,2.21,5.28
21,2022-04-07 17:02:58+00:00,2.30,4.14,5.05,30,-67,77,16,4.14,569.46,159.70,25.54,5.86,0.96,0.96,2.30,5.05,1.36,2.41,2.84,18512,0.03,962.13,2.41,477.41,131.17,21.97,1.21,0.72,0.31,1.36,2.84
22,2022-04-07 17:04:58+00:00,1.95,3.39,3.88,32,-67,76,16,3.39,566.89,150.16,23.51,2.84,0.39,0.39,1.95,3.88,2.32,3.80,3.88,18512,0.03,961.96,3.80,583.39,162.21,25.79,1.79,0.07,0.07,2.32,3.88
23,2022-04-07 17:06:58+00:00,2.72,4.21,4.91,34,-64,77,15,4.21,629.22,176.29,30.67,1.79,0.93,0.93,2.72,4.91,2.65,4.31,5.93,18512,0.03,961.91,4.31,681.82,194.25,31.27,4.11,2.07,1.20,2.65,5.93
24,2022-04-07 17:08:59+00:00,2.80,4.60,5.78,36,-67,77,15,4.60,683.24,186.36,31.71,5.38,1.31,1.31,2.80,5.78,2.79,4.53,5.79,18512,0.03,961.95,4.53,669.00,184.41,31.24,5.72,1.34,0.83,2.79,5.79
25,2022-04-07 17:10:58+00:00,1.91,3.36,4.67,38,-67,77,15,3.36,583.31,156.84,29.51,4.04,1.85,1.42,1.91,4.67,2.78,4.83,6.36,18512,0.03,961.92,4.83,670.34,186.86,35.59,4.48,1.97,1.62,2.78,6.36
26,2022-04-07 17:12:58+00:00,2.38,3.66,5.10,40,-65,76,15,3.66,597.10,167.55,28.64,3.24,2.00,1.21,2.38,5.10,2.89,4.54,6.18,18680,0.03,961.94,4.54,637.61,182.46,35.00,4.50,2.32,1.25,2.89,6.18
27,2022-04-07 17:14:59+00:00,2.22,3.91,5.24,42,-68,75,15,3.91,579.16,164.86,28.88,4.90,1.79,1.34,2.22,5.24,2.31,3.80,3.84,18512,0.03,961.97,3.80,601.42,163.67,24.22,2.62,0.07,0.07,2.31,3.84
28,2022-04-07 17:16:58+00:00,2.69,4.65,5.27,44,-65,78,15,4.65,638.62,182.73,32.89,3.67,0.87,0.87,2.69,5.27,2.93,5.09,6.86,18512,0.03,961.81,5.09,715.68,194.63,33.33,6.35,2.21,1.79,2.93,6.86
29,2022-04-07 17:18:58+00:00,2.60,4.51,4.98,46,-67,78,15,4.51,631.92,184.72,33.13,2.91,0.60,0.42,2.60,4.98,2.51,4.34,5.02,18512,0.03,961.83,4.34,655.12,182.17,30.88,4.20,0.75,0.75,2.51,5.02
30,2022-04-07 17:20:58+00:00,3.29,5.12,6.25,48,-67,77,15,5.12,702.16,198.48,33.84,4.36,1.29,0.39,3.29,6.25,2.61,4.82,6.00,18512,0.03,961.79,4.82,669.64,177.75,34.46,5.32,1.29,0.89,2.61,6.00
31,2022-04-07 17:22:58+00:00,3.14,5.00,7.34,50,-65,78,15,5.00,722.73,205.30,38.50,5.61,3.11,2.39,3.14,7.34,2.89,4.88,6.75,18512,0.03,961.79,4.88,713.25,194.79,32.75,4.64,2.71,1.36,2.89,6.75
32,2022-04-07 17:24:58+00:00,3.23,5.14,6.21,52,-65,77,15,5.14,779.74,222.19,40.68,4.95,0.39,0.39,3.23,6.21,3.45,5.07,6.16,18512,0.03,961.66,5.07,772.86,220.31,29.00,2.24,1.52,1.52,3.45,6.16
33,2022-04-07 17:26:58+00:00,2.75,4.73,5.29,54,-67,78,14,4.73,708.60,187.87,35.95,3.20,0.91,0.91,2.75,5.29,2.93,4.74,6.64,18512,0.03,961.70,4.74,746.59,204.10,38.10,3.93,2.41,1.90,2.93,6.64
34,2022-04-07 17:28:58+00:00,3.82,6.22,8.24,56,-67,78,14,6.22,913.58,247.80,48.73,5.93,2.07,1.71,3.82,8.24,4.39,6.93,9.52,18680,0.03,961.57,6.93,998.04,280.18,47.21,6.57,3.18,1.82,4.39,9.52
35,2022-04-07 17:30:58+00:00,4.37,6.81,8.12,58,-69,79,14,6.81,998.37,277.56,52.32,5.44,1.37,1.33,4.37,8.12,4.51,7.53,9.09,18512,0.03,961.60,7.53,1077.38,285.27,52.36,6.51,1.71,1.71,4.51,9.09
36,2022-04-07 17:32:58+00:00,5.38,8.07,9.55,60,-68,79,15,8.07,1097.38,304.59,52.29,5.93,1.90,1.55,5.38,9.55,4.39,7.28,8.25,18512,0.03,961.52,7.28,1013.89,277.40,43.30,5.44,1.16,1.16,4.39,8.25
37,2022-04-07 17:34:58+00:00,4.63,8.33,10.87,62,-64,79,14,8.33,1055.94,293.57,61.11,9.59,3.26,2.89,4.63,10.87,4.03,6.02,7.55,18512,0.03,961.52,6.02,952.45,256.66,39.00,5.34,1.62,1.10,4.03,7.55
38,2022-04-07 17:36:59+00:00,4.18,6.21,6.86,64,-65,77,14,6.21,893.26,255.42,43.28,2.77,0.70,0.70,4.18,6.86,4.33,7.32,8.58,18512,0.03,961.47,7.32,915.68,252.67,41.96,9.33,1.44,1.26,4.33,8.58
39,2022-04-07 17:38:58+00:00,3.67,5.36,7.09,66,-64,79,15,5.36,804.10,224.50,38.12,4.21,1.86,1.52,3.67,7.09,3.85,5.78,6.75,18512,0.03,961.52,5.78,871.64,239.38,42.87,2.87,1.35,0.95,3.85,6.75
40,2022-04-07 17:40:58+00:00,3.86,6.82,9.68,68,-65,77,14,6.82,857.84,239.96,47.23,9.89,2.91,2.91,3.86,9.68,3.89,5.64,6.39,18512,0.03,961.42,5.64,899.57,244.75,40.18,1.86,0.96,0.50,3.89,6.39
41,2022-04-07 17:42:58+00:00,3.91,5.59,6.45,70,-65,80,15,5.59,799.55,229.34,40.41,3.61,0.46,0.00,3.91,6.45,3.57,5.71,6.93,18680,0.03,961.39,5.71,835.97,231.34,36.59,5.45,0.86,0.86,3.57,6.93
42,2022-04-07 17:44:58+00:00,4.25,6.58,8.89,72,-66,79,15,6.58,906.16,250.51,44.56,6.00,2.44,2.44,4.25,8.89,4.05,6.60,7.21,18680,0.03,961.23,6.60,917.37,250.53,46.11,3.26,0.84,0.84,4.05,7.21
43,2022-04-07 17:46:58+00:00,4.84,7.60,9.14,74,-65,78,14,7.60,1052.48,285.05,56.90,6.03,1.69,1.34,4.84,9.14,3.95,5.86,7.00,18512,0.03,961.43,5.86,932.11,257.72,39.26,2.84,1.33,0.91,3.95,7.00
44,2022-04-07 17:48:59+00:00,5.47,8.05,8.98,76,-67,77,14,8.05,1062.92,303.03,50.39,6.20,0.78,0.78,5.47,8.98,4.91,7.65,9.60,18680,0.03,960.98,7.65,1008.11,282.18,44.25,7.31,2.51,2.51,4.91,9.60
45,2022-04-07 17:50:58+00:00,5.22,7.86,9.21,78,-66,79,14,7.86,1051.19,292.45,53.33,4.79,1.79,1.31,5.22,9.21,4.88,8.02,9.70,18512,0.03,961.32,8.02,1069.16,293.96,52.11,4.18,2.04,2.04,4.88,9.70
46,2022-04-07 17:52:59+00:00,5.63,8.50,10.52,80,-65,80,14,8.50,1139.22,316.83,60.11,6.67,2.19,2.19,5.63,10.52,5.53,8.51,9.00,18512,0.03,961.29,8.51,1137.47,315.72,48.81,5.33,0.70,0.35,5.53,9.00
47,2022-04-07 17:54:59+00:00,6.69,9.47,11.95,82,-64,79,14,9.47,1280.07,361.02,62.78,8.10,2.55,2.55,6.69,11.95,6.31,10.11,12.31,18512,0.03,961.05,10.11,1328.95,362.65,62.07,8.84,2.15,1.75,6.31,12.31
48,2022-04-07 17:56:59+00:00,6.48,10.15,13.54,84,-65,78,14,10.15,1259.94,358.98,74.39,9.48,3.89,2.70,6.48,13.54,6.39,10.42,12.88,18512,0.03,961.25,10.42,1320.41,368.58,64.34,8.95,2.78,2.31,6.39,12.88
49,2022-04-07 17:58:59+00:00,6.59,9.55,11.62,86,-64,78,14,9.55,1300.34,374.32,65.52,5.04,2.00,1.93,6.59,11.62,6.24,9.36,10.63,18512,0.03,961.34,9.36,1241.69,352.85,57.59,6.71,1.19,1.19,6.24,10.63
50,2022-04-07 18:01:01+00:00,6.53,9.26,11.29,88,-69,79,15,9.26,1261.91,349.24,64.31,6.28,1.41,1.41,6.53,11.29,6.69,9.98,11.22,18848,0.03,961.13,9.98,1341.71,371.42,58.25,5.38,1.35,1.35,6.69,11.22
51,2022-04-07 18:02:59+00:00,6.14,9.07,10.86,90,-64,79,14,9.07,1271.62,355.16,59.43,6.79,1.39,1.39,6.14,10.86,6.25,9.54,11.04,18512,0.03,961.10,9.54,1341.11,369.68,58.96,6.04,1.54,1.54,6.25,11.04
52,2022-04-07 18:04:59+00:00,7.45,11.93,14.87,92,-67,79,15,11.93,1438.36,412.98,76.25,11.24,3.38,2.98,7.45,14.87,7.66,10.78,11.47,18512,0.03,960.98,10.78,1475.39,412.17,51.80,5.73,1.02,0.64,7.66,11.47
53,2022-04-07 18:06:59+00:00,7.38,11.21,13.60,94,-66,78,14,11.21,1398.57,394.53,72.09,10.52,2.72,2.72,7.38,13.60,7.60,11.43,11.81,18512,0.03,961.13,11.43,1465.45,402.14,65.90,5.48,0.45,0.45,7.60,11.81
54,2022-04-07 18:08:59+00:00,7.55,12.76,16.47,96,-64,80,14,12.76,1487.79,417.79,91.28,13.93,4.28,3.93,7.55,16.47,7.20,11.76,12.93,18512,0.03,960.96,11.76,1490.44,401.30,74.67,8.44,1.41,1.41,7.20,12.93
55,2022-04-07 18:10:59+00:00,7.76,11.03,13.34,98,-66,81,14,11.03,1528.27,419.31,77.98,8.03,2.61,1.73,7.76,13.34,7.89,11.52,11.89,18512,0.03,960.66,11.52,1570.61,435.57,70.39,3.96,0.00,0.00,7.89,11.89
56,2022-04-07 18:12:59+00:00,7.50,10.73,12.39,100,-63,79,14,10.73,1431.59,398.88,61.30,8.57,1.82,1.00,7.50,12.39,7.68,12.42,13.56,18512,0.03,961.04,12.42,1552.27,436.14,77.12,9.53,0.85,0.85,7.68,13.56
57,2022-04-07 18:14:59+00:00,8.36,12.38,14.50,102,-64,80,14,12.38,1596.75,455.27,81.12,7.96,2.32,1.89,8.36,14.50,7.67,11.50,12.38,18512,0.03,961.00,11.50,1590.52,436.97,66.31,6.66,0.93,0.93,7.67,12.38
58,2022-04-07 18:16:59+00:00,8.54,13.20,16.63,104,-73,81,14,13.20,1630.22,460.02,88.66,12.78,4.07,3.25,8.54,16.63,9.09,14.27,15.23,18512,0.03,960.89,14.27,1805.46,494.54,81.93,9.54,1.00,1.00,9.09,15.23
59,2022-04-07 18:18:59+00:00,9.34,16.33,19.31,106,-66,81,14,16.33,1804.81,509.50,102.21,19.55,3.14,2.52,9.34,19.31,9.50,14.85,15.96,18512,0.03,960.81,14.85,1856.22,517.33,92.30,11.00,1.33,0.56,9.50,15.96
60,2022-04-07 18:20:59+00:00,10.68,16.61,18.88,108,-65,80,14,16.61,1988.53,556.81,108.47,13.16,2.81,2.07,10.68,18.88,10.41,16.23,18.00,18680,0.03,960.77,16.23,2007.21,554.93,94.04,11.50,2.50,1.32,10.41,18.00
61,2022-04-07 18:22:59+00:00,10.70,16.28,19.22,110,-65,78,14,16.28,1948.06,559.93,97.56,14.33,3.26,2.78,10.70,19.22,10.88,16.79,18.54,18512,0.03,960.85,16.79,2061.43,576.14,95.32,12.07,2.61,1.46,10.88,18.54
62,2022-04-07 18:24:59+00:00,10.73,16.66,18.27,112,-65,80,14,16.66,1970.89,556.71,102.12,12.25,1.43,1.43,10.73,18.27,11.29,15.95,17.02,18512,0.03,960.74,15.95,2053.55,571.79,89.66,8.10,1.14,1.14,11.29,17.02
63,2022-04-07 18:26:59+00:00,11.37,16.85,20.37,114,-65,81,14,16.85,2109.10,603.25,102.17,13.73,4.07,3.36,11.37,20.37,11.16,17.76,19.00,18512,0.03,959.75,17.76,2164.47,600.58,103.24,10.58,1.75,1.27,11.16,19.00
64,2022-04-07 18:28:59+00:00,10.29,14.93,18.48,116,-66,82,13,14.93,1884.98,542.76,99.14,11.17,3.93,3.24,10.29,18.48,10.35,16.18,16.98,18512,0.03,960.69,16.18,2017.37,550.84,93.30,11.12,0.63,0.63,10.35,16.98
65,2022-04-07 18:30:59+00:00,11.31,16.81,19.57,118,-64,81,13,16.81,2024.39,589.54,107.78,11.78,3.41,2.85,11.31,19.57,10.79,16.07,17.47,18512,0.03,960.55,16.07,2142.11,588.63,97.47,8.67,1.30,1.30,10.79,17.47
66,2022-04-07 18:32:59+00:00,11.93,16.53,18.77,120,-66,81,14,16.53,2135.16,605.74,101.37,10.11,2.49,2.07,11.93,18.77,12.12,17.88,19.74,18680,0.03,959.88,17.88,2304.32,640.42,111.47,8.70,1.75,1.51,12.12,19.74
67,2022-04-07 18:34:59+00:00,12.21,17.57,19.76,122,-66,82,14,17.57,2162.38,614.00,115.09,9.66,2.17,1.69,12.21,19.76,11.64,18.31,19.82,18512,0.03,960.48,18.31,2247.05,626.87,110.25,13.13,1.27,0.65,11.64,19.82
68,2022-04-07 18:36:59+00:00,12.59,17.69,21.60,124,-65,81,13,17.69,2217.98,640.52,115.67,12.90,3.76,2.97,12.59,21.60,12.14,17.57,19.79,18512,0.03,960.49,17.57,2215.93,624.54,99.68,11.21,2.79,2.04,12.14,19.79
69,2022-04-07 18:39:00+00:00,11.65,18.44,21.42,126,-65,82,14,18.44,2156.51,618.04,120.76,18.00,3.49,2.69,11.65,21.42,11.84,17.81,18.76,18680,0.03,960.45,17.81,2271.31,624.17,101.45,7.79,1.38,0.38,11.84,18.76
70,2022-04-07 18:40:59+00:00,11.53,17.36,20.51,128,-66,80,14,17.36,2110.53,596.49,111.38,12.33,3.82,3.82,11.53,20.51,11.20,18.02,18.88,18512,0.03,960.47,18.02,2089.02,590.95,104.10,13.73,1.19,0.92,11.20,18.88
71,2022-04-07 18:42:59+00:00,12.02,17.98,21.10,130,-65,81,14,17.98,2238.00,631.98,115.03,12.71,3.05,3.05,12.02,21.10,11.89,17.42,19.29,18512,0.03,960.46,17.42,2278.47,634.95,109.89,6.87,2.11,2.11,11.89,19.29
72,2022-04-07 18:44:59+00:00,12.46,18.37,19.76,132,-65,80,13,18.37,2310.41,647.90,117.61,9.53,1.49,0.98,12.46,19.76,12.07,17.85,20.85,18512,0.03,960.12,17.85,2245.20,622.73,108.65,11.42,4.29,1.96,12.07,20.85
73,2022-04-07 18:47:00+00:00,12.26,17.67,20.09,134,-69,82,14,17.67,2173.32,615.32,108.53,11.47,2.77,2.77,12.26,20.09,12.24,18.40,20.71,18680,0.03,960.46,18.40,2304.93,643.93,118.62,11.59,2.45,1.69,12.24,20.71
74,2022-04-07 18:48:59+00:00,13.48,20.56,24.63,136,-65,81,13,20.56,2394.17,679.09,126.74,18.89,5.07,4.74,13.48,24.63,14.28,21.72,24.47,18512,0.03,960.39,21.72,2660.95,741.51,126.70,15.96,2.63,2.21,14.28,24.47
75,2022-04-07 18:50:59+00:00,12.84,20.00,23.21,138,-65,80,14,20.00,2380.66,662.74,131.62,17.14,3.52,3.00,12.84,23.21,13.46,21.14,22.45,18512,0.03,960.19,21.14,2480.89,700.96,130.25,13.29,1.50,1.39,13.46,22.45
76,2022-04-07 18:52:59+00:00,14.98,21.60,25.62,140,-67,80,13,21.60,2657.69,746.79,137.47,15.55,4.17,3.76,14.98,25.62,15.51,22.56,23.61,18512,0.03,960.20,22.56,2803.16,784.28,131.40,10.28,1.12,0.81,15.51,23.61
77,2022-04-07 18:54:59+00:00,15.36,22.76,25.36,142,-65,82,14,22.76,2715.82,780.95,152.56,15.24,3.09,0.87,15.36,25.36,15.63,22.07,24.46,18512,0.03,959.95,22.07,2881.79,814.21,133.93,8.84,3.23,2.35,15.63,24.46
78,2022-04-07 18:56:59+00:00,15.98,23.28,26.11,144,-66,80,13,23.28,2833.89,798.95,148.39,16.91,1.82,1.82,15.98,26.11,15.50,23.12,24.71,18512,0.03,960.27,23.12,2873.57,801.68,131.71,14.43,1.61,1.18,15.50,24.71
79,2022-04-07 18:58:59+00:00,16.29,25.64,29.05,146,-67,81,14,25.61,2874.43,814.02,157.25,24.82,3.89,3.29,16.29,29.05,17.00,26.33,30.69,18512,0.03,960.17,26.33,3082.36,870.58,155.02,23.82,5.45,3.60,17.00,30.69
80,2022-04-07 19:00:59+00:00,15.95,22.73,26.49,148,-68,82,14,22.73,2835.98,801.16,148.65,13.71,4.18,3.64,15.95,26.49,16.17,24.27,26.90,18512,0.03,960.20,24.27,2938.78,819.25,138.61,17.56,2.85,2.54,16.17,26.90
81,2022-04-07 19:03:00+00:00,17.51,26.84,30.30,150,-65,81,14,26.75,3167.95,886.47,173.21,18.18,4.32,3.54,17.44,30.30,17.65,26.35,28.58,18680,0.03,960.11,26.30,3202.42,894.14,162.49,15.89,2.49,2.11,17.65,28.58
82,2022-04-07 19:04:59+00:00,18.41,28.14,30.57,152,-66,80,14,27.81,3254.59,922.64,170.31,21.97,2.72,2.14,18.24,30.57,18.34,27.76,30.50,18512,0.03,960.12,27.50,3308.07,929.00,152.97,20.59,2.76,2.76,18.33,30.50
83,2022-04-07 19:06:59+00:00,17.74,27.50,30.33,154,-65,81,14,27.28,3252.21,905.10,174.53,21.83,2.45,2.45,17.74,30.33,18.43,27.57,30.94,18512,0.03,960.08,27.26,3396.00,938.81,157.63,20.11,4.00,3.15,18.31,30.94
84,2022-04-07 19:08:59+00:00,19.39,27.34,30.43,156,-67,81,14,27.20,3330.86,955.84,171.91,15.07,3.36,2.86,19.09,30.43,18.05,28.17,30.07,18512,0.03,959.65,27.93,3325.86,930.21,153.90,23.52,2.69,1.69,18.05,30.07
85,2022-04-07 19:10:59+00:00,18.48,27.23,29.83,158,-67,81,14,27.08,3269.83,919.77,164.54,17.23,2.96,2.65,18.46,29.83,17.96,26.96,29.02,18512,0.03,960.01,26.88,3375.05,919.12,151.54,17.19,2.56,1.75,17.96,29.02
86,2022-04-07 19:12:59+00:00,18.28,25.38,29.29,160,-67,81,14,25.38,3236.90,898.76,169.72,13.03,4.59,3.72,18.28,29.29,17.64,27.02,29.33,18512,0.03,959.92,26.89,3218.62,896.62,150.18,20.51,2.55,1.93,17.64,29.33
87,2022-04-07 19:14:59+00:00,17.32,25.33,27.81,162,-66,81,13,25.33,3064.26,867.65,150.00,16.82,2.67,2.67,17.32,27.81,18.15,28.48,30.93,18680,0.03,959.90,28.17,3327.33,928.74,169.48,22.56,2.78,1.81,18.15,30.93
88,2022-04-07 19:17:00+00:00,18.04,25.20,28.93,164,-68,81,13,25.20,3178.15,895.22,156.55,12.33,3.89,3.27,18.04,28.93,18.68,26.80,29.19,18512,0.03,959.81,26.64,3397.22,948.92,152.85,13.25,2.85,2.85,18.58,29.19
89,2022-04-07 19:18:59+00:00,19.82,27.29,30.07,166,-68,81,14,27.29,3501.44,976.02,168.38,10.25,3.20,1.93,19.44,30.07,18.98,27.00,29.34,18680,0.03,959.86,27.00,3378.52,944.90,147.62,15.10,3.17,2.00,18.98,29.34
90,2022-04-07 19:20:59+00:00,19.25,28.39,32.05,168,-66,82,14,28.09,3346.82,950.75,190.00,20.32,3.11,2.86,19.12,32.05,19.36,28.66,31.95,18680,0.03,959.80,28.52,3546.11,996.64,168.61,18.93,3.75,2.57,19.04,31.95
91,2022-04-07 19:22:59+00:00,19.19,27.34,30.71,170,-65,82,13,27.24,3300.47,941.71,174.00,15.93,3.55,3.21,19.02,30.71,19.75,28.30,31.93,18512,0.03,959.76,28.14,3488.46,976.86,156.68,18.04,4.29,3.25,19.39,31.93
92,2022-04-07 19:24:59+00:00,19.62,30.36,34.07,172,-64,82,14,29.75,3450.38,978.52,188.95,21.61,4.75,3.82,19.34,34.07,19.67,30.50,32.71,18512,0.03,959.61,29.91,3632.59,1008.59,178.76,19.76,2.97,1.48,19.33,32.71
93,2022-04-07 19:27:00+00:00,19.96,31.18,35.89,174,-67,81,14,30.28,3550.26,1002.26,192.42,26.67,5.61,4.25,19.58,35.89,19.95,30.57,31.88,18680,0.03,959.74,30.03,3687.10,1024.55,161.38,20.28,1.41,1.21,19.60,31.88
94,2022-04-07 19:28:59+00:00,21.52,30.96,34.54,176,-67,81,14,30.25,3676.18,1040.07,195.57,19.18,3.61,3.61,20.75,34.54,20.14,29.66,31.52,18512,0.03,959.59,29.40,3650.48,1014.72,164.90,16.52,2.21,1.66,19.72,31.52
95,2022-04-07 19:31:00+00:00,21.63,31.02,34.42,178,-67,83,14,30.09,3836.63,1082.53,187.88,17.72,3.33,3.33,20.72,34.42,20.96,31.42,34.09,18512,0.03,959.66,30.45,3830.07,1060.91,170.51,22.80,2.47,1.89,20.16,34.09
96,2022-04-07 19:32:59+00:00,23.17,33.66,37.02,180,-72,82,14,31.74,3993.78,1131.67,213.19,20.69,3.31,2.00,21.59,37.02,22.25,33.63,35.35,18512,0.03,959.66,31.65,4109.95,1141.54,192.00,20.56,2.35,2.04,21.00,35.35
97,2022-04-07 19:35:00+00:00,24.75,36.11,40.92,182,-73,82,13,33.42,4320.79,1216.98,235.43,22.42,4.83,3.40,22.38,40.92,24.65,35.32,39.18,18680,0.03,959.59,32.91,4360.79,1219.93,198.00,23.47,4.95,3.65,22.47,39.12
98,2022-04-07 19:36:59+00:00,24.96,37.57,40.84,184,-70,81,14,34.23,4235.57,1214.50,238.98,28.64,3.29,2.11,22.64,40.75,24.67,36.33,39.47,18512,0.03,959.44,33.58,4467.11,1237.37,201.54,22.28,4.60,2.42,22.60,39.26
99,2022-04-07 19:38:59+00:00,26.19,39.33,43.67,186,-70,82,14,35.33,4515.42,1286.02,250.82,24.28,4.70,3.75,23.33,43.33,26.04,40.85,44.15,18680,0.03,959.61,36.21,4715.55,1300.15,230.19,33.09,4.11,2.83,23.25,43.75
100,2022-04-07 19:40:59+00:00,27.28,39.69,44.78,188,-70,82,13,35.41,4662.98,1328.48,249.74,23.52,6.62,3.79,23.93,43.83,26.57,40.65,43.20,18512,0.03,959.50,36.07,4817.50,1325.89,233.19,28.74,3.37,1.41,23.41,43.02
