,created_at,PM1.0_ATM_ug/m3,PM2.5_ATM_ug/m3,PM10.0_ATM_ug/m3,UptimeMinutes,RSSI_dbm,Temperature_F,Humidity_%,PM2.5_CF1_ug/m3,>=0.3um/dl,>=0.5um/dl,>=1.0um/dl,>=2.5um/dl,>=5.0um/dl,>=10.0um/dl,PM1.0_CF1_ug/m3,PM10.0_CF1_ug/m3,PM1.0_ATM_B_ug/m3,PM2.5_ATM_B_ug/m3,PM10.0_ATM_B_ug/m3,UptimeMinutes_B,ADC,Pressure_hpa,PM2.5_CF1_B_ug/m3,>=0.3_B_um/dl,>=0.5_B_um/dl,>=1.0_B_um/dl,>=2.5_B_um/dl,>=5.0_B_um/dl,>=10.0_B_um/dl,PM1.0_CF1_B_ug/m3,PM10.0_CF1_B_ug/m3
0,2022-04-07 12:01:12+00:00,2.22,3.49,3.56,1126,-75,69,27,3.49,602.75,145.10,21.14,1.46,0.17,0.17,2.22,3.56,2.13,4.15,5.48,18512,0.05,959.57,4.15,586.67,159.69,31.96,5.44,1.70,1.70,2.13,5.48
1,2022-04-07 12:03:12+00:00,1.73,2.86,3.34,1128,-73,68,27,2.86,509.30,129.46,18.77,1.93,0.61,0.43,1.73,3.34,1.93,3.88,3.98,18512,0.05,959.68,3.88,574.79,147.46,27.18,5.96,0.00,0.00,1.93,3.98
2,2022-04-07 12:05:12+00:00,4.07,5.56,6.30,1130,-72,68,27,5.56,986.33,242.37,30.46,3.04,0.91,0.91,4.07,6.30,3.53,4.84,6.34,18512,0.05,959.57,4.84,854.79,223.59,29.86,4.52,2.14,1.69,3.53,6.34
3,2022-04-07 12:07:13+00:00,2.98,4.04,4.46,1132,-71,68,27,4.04,653.95,174.33,27.86,1.60,0.56,0.56,2.98,4.46,2.30,3.73,5.61,18512,0.05,959.68,3.73,636.16,169.27,29.84,4.14,2.43,2.43,2.30,5.61
4,2022-04-07 12:09:13+00:00,1.56,2.53,2.53,1134,-73,66,27,2.53,478.32,119.25,15.42,1.02,0.00,0.00,1.56,2.53,1.68,3.18,4.21,18512,0.05,959.88,3.18,474.21,127.09,22.62,5.00,1.21,1.21,1.68,4.21
5,2022-04-07 12:11:13+00:00,1.66,2.70,3.45,1136,-75,68,27,2.70,463.66,124.71,23.25,2.12,0.88,0.88,1.66,3.45,1.58,2.42,4.28,18512,0.05,959.82,2.42,466.26,128.07,24.18,2.95,2.04,2.04,1.58,4.28
6,2022-04-07 12:13:12+00:00,2.27,3.54,3.91,1138,-72,66,27,3.54,671.36,162.82,21.39,2.25,0.55,0.43,2.27,3.91,1.61,2.90,4.69,18512,0.05,959.73,2.90,470.90,129.92,28.07,4.10,2.51,1.63,1.61,4.69
7,2022-04-07 12:15:12+00:00,1.67,2.28,2.91,1140,-72,68,27,2.28,508.26,128.00,15.65,1.79,0.53,0.46,1.67,2.91,1.24,2.42,3.05,18512,0.05,959.87,2.42,428.40,117.56,21.91,3.02,0.87,0.40,1.24,3.05
8,2022-04-07 12:17:13+00:00,1.26,2.26,2.55,1142,-74,68,27,2.26,480.05,108.67,16.60,2.02,0.26,0.26,1.26,2.55,1.23,3.00,3.66,18680,0.05,959.85,3.00,445.61,116.27,27.07,3.71,0.82,0.82,1.23,3.66
9,2022-04-07 12:19:13+00:00,2.86,3.59,3.84,1144,-75,65,27,3.59,764.64,170.98,16.79,1.88,0.24,0.00,2.86,3.84,2.07,3.71,5.16,18512,0.05,959.92,3.71,610.29,155.84,28.77,4.71,2.11,1.71,2.07,5.16
10,2022-04-07 12:21:13+00:00,1.30,2.50,2.57,1146,-76,67,27,2.50,446.44,110.65,20.59,2.15,0.20,0.00,1.30,2.57,1.55,2.26,3.78,18344,0.05,960.13,2.26,475.60,125.29,19.66,3.69,1.72,1.72,1.55,3.78
11,2022-04-07 12:23:13+00:00,0.83,1.84,2.19,1148,-73,68,27,1.84,390.67,95.12,13.86,2.22,0.22,0.22,0.83,2.19,1.31,2.04,3.09,18512,0.05,960.05,2.04,414.38,113.00,20.29,1.89,1.35,0.91,1.31,3.09
12,2022-04-07 12:25:13+00:00,1.66,3.25,3.93,1150,-74,68,27,3.25,513.05,128.50,24.04,4.02,0.62,0.62,1.66,3.93,1.75,2.83,4.81,18512,0.05,960.15,2.83,469.07,128.53,25.22,4.14,2.41,2.41,1.75,4.81
13,2022-04-07 12:27:13+00:00,1.89,2.87,3.09,1152,-75,68,27,2.87,476.78,128.75,20.58,1.29,0.22,0.22,1.89,3.09,1.36,2.31,4.53,18512,0.05,960.15,2.31,488.84,121.95,24.22,3.83,2.86,2.86,1.36,4.53
14,2022-04-07 12:29:13+00:00,1.67,2.79,3.16,1154,-74,68,27,2.79,480.47,122.26,19.59,2.03,0.53,0.36,1.67,3.16,1.54,2.68,2.77,18512,0.05,960.22,2.68,468.54,126.71,19.93,1.75,0.18,0.18,1.54,2.77
15,2022-04-07 12:31:13+00:00,1.45,2.11,2.49,1156,-72,68,27,2.11,415.69,107.29,14.55,1.44,0.33,0.16,1.45,2.49,1.52,2.61,4.24,18512,0.05,960.29,2.61,427.61,116.98,24.98,5.22,2.22,1.37,1.52,4.24
16,2022-04-07 12:33:13+00:00,1.62,2.91,3.30,1158,-75,68,27,2.91,473.95,127.89,19.71,2.25,0.50,0.50,1.62,3.30,1.71,2.76,3.85,18512,0.05,960.40,2.76,532.32,144.97,22.47,2.92,1.25,1.25,1.71,3.85
17,2022-04-07 12:35:13+00:00,2.09,3.02,3.46,1160,-75,68,28,3.02,576.16,146.72,19.61,1.42,0.53,0.35,2.09,3.46,1.84,3.67,4.46,18680,0.05,960.37,3.67,572.79,154.37,27.81,2.95,1.12,0.95,1.84,4.46
18,2022-04-07 12:37:13+00:00,1.90,3.21,3.40,1162,-71,68,28,3.21,522.57,140.09,22.21,2.88,0.00,0.00,1.90,3.40,2.27,4.07,4.41,18512,0.05,960.45,4.07,599.14,163.00,29.88,3.79,0.68,0.11,2.27,4.41
19,2022-04-07 12:39:13+00:00,1.88,2.82,3.49,1164,-75,67,28,2.82,559.37,134.77,16.96,2.47,0.89,0.40,1.88,3.49,2.61,4.64,5.46,18512,0.05,960.50,4.64,614.95,163.54,28.27,6.04,1.11,1.11,2.61,5.46
20,2022-04-07 12:41:13+00:00,2.37,4.07,4.32,1166,-75,67,28,4.07,634.95,160.40,26.68,2.42,0.19,0.19,2.37,4.32,2.45,5.43,6.62,18680,0.05,960.69,5.43,711.27,181.14,36.82,8.54,1.43,1.43,2.45,6.62
21,2022-04-07 12:43:13+00:00,2.46,3.56,3.75,1168,-74,68,28,3.56,640.53,163.42,21.95,1.98,0.26,0.02,2.46,3.75,2.15,4.34,5.56,18512,0.05,960.59,4.34,638.85,164.76,31.25,5.66,1.66,1.66,2.15,5.56
22,2022-04-07 12:45:13+00:00,2.18,3.51,4.67,1170,-73,67,28,3.51,611.42,154.96,24.68,3.00,1.32,1.32,2.18,4.67,3.09,4.70,7.37,18512,0.05,960.69,4.70,694.21,193.67,32.49,6.00,3.68,2.53,3.09,7.37
23,2022-04-07 12:47:13+00:00,2.37,2.88,3.37,1172,-72,67,28,2.88,595.84,152.60,17.33,0.96,0.56,0.35,2.37,3.37,2.46,3.93,5.24,18512,0.05,960.70,3.93,635.61,172.54,30.54,3.04,1.85,1.22,2.46,5.24
24,2022-04-07 12:49:13+00:00,2.12,3.59,3.88,1174,-74,67,29,3.59,617.44,152.86,25.90,2.42,0.17,0.17,2.12,3.88,2.16,3.96,4.67,18512,0.05,960.70,3.96,609.79,157.77,28.32,4.28,0.91,0.91,2.16,4.67
25,2022-04-07 12:51:13+00:00,3.27,5.58,6.87,1176,-74,67,29,5.58,778.20,201.24,33.85,6.29,1.58,1.40,3.27,6.87,2.52,4.00,6.14,18512,0.05,960.80,4.00,701.95,179.76,28.45,4.90,2.97,2.03,2.52,6.14
26,2022-04-07 12:53:13+00:00,2.64,4.62,6.64,1178,-72,67,28,4.62,720.16,180.91,29.93,6.23,2.30,2.12,2.64,6.64,2.57,4.38,5.37,18512,0.05,960.68,4.38,690.25,181.42,27.12,5.33,1.30,1.30,2.55,5.37
27,2022-04-07 12:55:13+00:00,3.39,5.00,5.04,1180,-77,68,28,5.00,779.16,195.18,30.05,2.51,0.04,0.00,3.39,5.04,3.27,5.62,6.58,18512,0.05,960.73,5.62,822.98,220.91,35.42,6.07,1.27,1.27,3.27,6.58
28,2022-04-07 12:57:13+00:00,3.03,4.15,4.92,1182,-75,67,29,4.15,720.41,187.27,23.41,2.32,1.08,0.17,3.03,4.92,2.85,4.25,5.84,18512,0.05,960.90,4.25,734.56,195.71,24.53,4.69,1.96,1.96,2.85,5.84
29,2022-04-07 12:59:13+00:00,2.13,3.62,4.09,1184,-75,67,29,3.62,577.04,149.96,27.40,2.45,0.91,0.64,2.13,4.09,1.98,3.36,3.79,18512,0.05,960.84,3.36,558.93,144.64,22.10,3.48,0.69,0.34,1.98,3.79
30,2022-04-07 13:01:13+00:00,2.20,3.78,3.91,1186,-74,67,28,3.78,618.49,156.49,22.25,2.25,0.09,0.09,2.20,3.91,2.25,4.32,5.39,18512,0.05,960.90,4.32,660.47,165.37,32.14,4.53,1.51,1.05,2.25,5.39
31,2022-04-07 13:03:13+00:00,1.67,2.43,3.33,1188,-75,68,28,2.43,460.60,120.59,14.02,2.28,1.03,1.03,1.67,3.33,1.35,2.67,2.67,18680,0.05,960.90,2.67,450.87,122.22,22.47,1.96,0.00,0.00,1.35,2.67
32,2022-04-07 13:05:13+00:00,2.19,3.50,3.86,1190,-70,68,27,3.50,582.98,154.40,23.55,2.33,0.41,0.19,2.19,3.86,2.07,3.55,4.91,18512,0.05,960.96,3.55,602.36,151.77,28.11,4.93,1.79,1.79,2.07,4.91
33,2022-04-07 13:07:13+00:00,2.16,3.51,4.40,1192,-73,68,27,3.51,610.79,149.16,25.98,3.61,0.75,0.75,2.16,4.40,2.95,4.12,5.75,18512,0.05,961.05,4.12,711.00,184.46,28.63,4.14,2.39,1.12,2.95,5.75
34,2022-04-07 13:09:13+00:00,1.65,2.67,2.67,1194,-73,68,27,2.67,487.89,126.65,16.76,1.46,0.00,0.00,1.65,2.67,1.91,3.83,4.79,18680,0.05,961.12,3.83,585.88,158.45,31.09,5.14,1.52,0.76,1.91,4.79
35,2022-04-07 13:11:13+00:00,1.44,2.25,2.28,1196,-72,69,26,2.25,442.95,109.65,12.25,1.72,0.16,0.16,1.44,2.28,1.56,2.86,3.25,18680,0.05,961.13,2.86,481.37,131.75,25.37,2.07,0.49,0.42,1.56,3.25
36,2022-04-07 13:13:13+00:00,1.75,2.76,2.86,1198,-73,69,26,2.76,480.71,121.90,18.66,1.32,0.05,0.05,1.75,2.86,1.41,3.09,4.62,18512,0.05,961.16,3.09,501.16,132.39,25.98,4.32,1.96,1.96,1.41,4.62
37,2022-04-07 13:15:13+00:00,1.55,2.83,3.45,1200,-73,69,26,2.83,479.59,127.64,20.81,2.00,1.00,0.59,1.55,3.45,1.51,2.70,3.82,18512,0.05,956.44,2.70,527.11,136.70,20.67,3.23,1.44,1.44,1.51,3.82
38,2022-04-07 13:17:13+00:00,2.24,3.11,3.51,1202,-72,69,26,3.11,607.85,148.16,21.18,1.96,0.42,0.42,2.24,3.51,1.67,3.52,4.17,18680,0.05,961.24,3.52,588.98,152.12,22.36,5.52,1.10,0.66,1.67,4.17
39,2022-04-07 13:19:13+00:00,1.53,2.82,3.14,1204,-78,69,26,2.82,475.05,119.33,15.32,2.51,0.42,0.42,1.53,3.14,1.67,3.10,5.36,18512,0.05,961.29,3.10,494.64,133.98,23.98,5.93,3.14,2.41,1.67,5.36
40,2022-04-07 13:21:13+00:00,1.97,2.80,2.88,1206,-80,69,25,2.80,544.42,137.46,17.46,1.17,0.19,0.00,1.97,2.88,1.80,3.16,4.45,18512,0.05,961.44,3.16,579.65,150.51,24.80,3.09,1.60,1.60,1.80,4.45
41,2022-04-07 13:23:13+00:00,1.41,2.18,2.36,1208,-78,68,25,2.18,443.84,113.61,14.86,0.20,0.20,0.20,1.41,2.36,1.00,2.62,3.43,18344,0.05,961.43,2.62,463.09,122.90,23.48,2.76,1.14,1.14,1.00,3.43
42,2022-04-07 13:25:14+00:00,0.96,1.46,2.39,1210,-74,69,25,1.46,383.63,95.88,11.65,1.49,0.98,0.98,0.96,2.39,1.13,2.44,2.80,18568,0.05,961.46,2.44,369.33,99.73,20.09,2.18,0.55,0.55,1.13,2.80
43,2022-04-07 13:27:13+00:00,0.95,2.34,2.95,1212,-77,69,25,2.34,357.57,95.60,17.83,3.03,0.83,0.83,0.95,2.95,1.44,2.47,3.44,18512,0.05,961.48,2.47,429.89,119.70,21.23,1.47,1.37,0.98,1.44,3.44
44,2022-04-07 13:29:13+00:00,1.02,1.73,1.96,1214,-78,69,25,1.73,368.73,92.05,12.41,0.73,0.23,0.23,1.02,1.96,1.50,2.79,4.33,18512,0.05,961.59,2.79,433.40,117.33,23.41,5.34,2.24,1.24,1.50,4.33
45,2022-04-07 13:31:14+00:00,1.86,2.60,2.75,1216,-76,69,24,2.60,479.00,124.51,17.04,1.37,0.26,0.26,1.86,2.75,1.81,3.12,3.53,18680,0.05,961.69,3.12,548.59,144.53,26.43,1.17,0.66,0.66,1.81,3.53
46,2022-04-07 13:33:13+00:00,1.18,1.86,2.88,1218,-75,69,24,1.86,399.21,99.68,15.21,2.19,1.11,0.88,1.18,2.88,1.31,2.60,3.75,18512,0.05,961.80,2.60,435.98,117.38,18.07,3.82,1.67,1.67,1.31,3.75
47,2022-04-07 13:35:13+00:00,0.92,1.47,1.85,1220,-74,70,24,1.47,348.66,87.36,12.08,1.36,0.47,0.25,0.92,1.85,0.73,1.45,1.82,18512,0.05,961.79,1.45,355.61,92.86,13.50,1.36,0.50,0.50,0.73,1.82
48,2022-04-07 13:37:13+00:00,1.39,2.61,2.83,1222,-76,70,24,2.61,499.83,115.20,17.30,2.28,0.22,0.22,1.39,2.83,1.79,3.05,4.86,18512,0.05,961.75,3.05,515.33,140.55,24.74,2.97,2.55,1.86,1.79,4.86
49,2022-04-07 13:39:13+00:00,1.04,1.75,2.55,1224,-78,70,24,1.75,386.89,97.16,12.68,2.07,0.96,0.75,1.04,2.55,0.91,1.69,2.36,18512,0.05,961.81,1.69,340.86,95.60,17.40,1.66,0.83,0.66,0.91,2.36
50,2022-04-07 13:41:13+00:00,0.72,1.36,1.57,1226,-75,71,24,1.36,298.97,71.47,10.64,1.52,0.28,0.28,0.72,1.57,0.89,1.81,2.35,18512,0.05,961.84,1.81,363.89,96.84,19.89,1.65,0.63,0.63,0.89,2.35
51,2022-04-07 13:43:13+00:00,0.91,1.16,1.29,1228,-76,70,24,1.16,285.98,74.05,10.34,1.29,0.26,0.00,0.91,1.29,1.14,2.09,2.54,18400,0.05,961.91,2.09,451.21,116.79,17.47,1.65,0.49,0.49,1.14,2.54
52,2022-04-07 13:45:13+00:00,0.73,1.25,1.48,1230,-77,70,23,1.25,312.75,73.79,11.82,0.93,0.23,0.05,0.73,1.48,0.77,1.86,2.23,18512,0.05,961.97,1.86,361.77,94.46,18.52,2.89,0.43,0.43,0.77,2.23
53,2022-04-07 13:47:14+00:00,0.48,1.05,1.52,1232,-77,70,24,1.05,319.93,71.64,9.98,1.88,0.39,0.39,0.48,1.52,1.05,2.02,2.81,18680,0.05,961.93,2.02,373.58,100.02,16.12,2.27,1.02,1.02,1.05,2.81
54,2022-04-07 13:49:13+00:00,1.35,2.07,2.70,1234,-77,70,23,2.07,428.21,112.09,15.88,2.07,0.58,0.39,1.35,2.70,1.40,2.33,3.58,18512,0.05,961.95,2.33,475.37,127.58,23.00,1.93,1.65,1.37,1.40,3.58
55,2022-04-07 13:51:14+00:00,1.09,1.88,1.95,1236,-77,71,23,1.88,380.33,97.71,10.97,1.60,0.00,0.00,1.09,1.95,0.59,1.27,1.68,18512,0.05,961.94,1.27,365.09,91.50,15.14,0.75,0.57,0.50,0.59,1.68
56,2022-04-07 13:53:13+00:00,0.82,1.72,1.98,1238,-77,70,23,1.72,342.84,90.46,14.39,1.89,0.19,0.19,0.82,1.98,0.70,1.95,2.58,18512,0.05,961.97,1.95,327.79,87.51,21.79,3.61,0.88,0.88,0.70,2.58
57,2022-04-07 13:55:13+00:00,0.60,1.27,1.51,1240,-73,70,24,1.27,290.40,74.69,11.69,2.33,0.24,0.24,0.60,1.51,0.74,1.52,2.47,18680,0.05,957.32,1.52,330.41,88.02,15.76,1.79,1.38,0.55,0.74,2.47
58,2022-04-07 13:57:13+00:00,0.89,1.64,2.36,1242,-79,70,24,1.64,342.75,89.61,12.21,1.95,1.00,0.48,0.89,2.36,0.71,1.48,2.36,18512,0.05,962.15,1.48,325.45,90.07,15.52,2.52,1.34,0.83,0.71,2.36
59,2022-04-07 13:59:13+00:00,0.29,1.14,1.24,1244,-76,69,24,1.14,266.69,67.74,11.62,0.79,0.22,0.22,0.29,1.24,0.64,1.18,1.47,18512,0.05,962.20,1.18,273.49,71.27,11.93,0.73,0.33,0.33,0.64,1.47
60,2022-04-07 14:01:13+00:00,1.14,1.56,1.77,1246,-76,69,24,1.56,394.79,96.77,12.30,0.65,0.23,0.00,1.14,1.77,0.62,1.27,2.95,18512,0.05,962.14,1.27,333.87,87.98,18.56,2.29,2.11,1.56,0.62,2.95
61,2022-04-07 14:03:13+00:00,1.11,1.49,1.49,1248,-74,69,24,1.49,370.84,93.88,12.16,0.51,0.00,0.00,1.11,1.49,0.78,1.62,1.66,18512,0.05,962.33,1.62,380.53,98.41,18.17,0.69,0.00,0.00,0.78,1.66
62,2022-04-07 14:05:13+00:00,0.51,1.00,1.25,1250,-77,69,24,1.00,275.13,72.35,9.33,0.87,0.35,0.07,0.51,1.25,0.56,1.02,1.40,18512,0.05,962.32,1.02,293.95,78.00,9.39,0.77,0.46,0.46,0.56,1.40
63,2022-04-07 14:07:13+00:00,0.74,1.02,1.35,1252,-76,69,24,1.02,276.21,70.51,9.53,0.67,0.49,0.49,0.74,1.35,0.68,1.52,2.39,18512,0.05,962.17,1.52,316.61,84.39,15.34,1.93,1.00,1.00,0.68,2.39
64,2022-04-07 14:09:13+00:00,0.98,1.48,2.26,1254,-75,69,23,1.48,358.81,86.57,13.07,2.17,0.57,0.57,0.98,2.26,0.66,1.23,1.66,18512,0.05,962.36,1.23,318.64,83.64,15.68,1.18,0.68,0.32,0.66,1.66
65,2022-04-07 14:11:13+00:00,0.84,1.19,1.77,1256,-74,69,23,1.19,292.74,76.37,9.60,1.53,0.44,0.44,0.84,1.77,0.55,1.48,3.52,18512,0.05,962.58,1.48,298.71,78.21,21.05,5.41,2.62,2.62,0.55,3.52
66,2022-04-07 14:13:13+00:00,1.34,1.84,1.89,1258,-75,69,24,1.84,382.77,102.52,11.95,0.80,0.00,0.00,1.34,1.89,1.15,2.12,2.71,18512,0.05,962.44,2.12,414.51,105.17,20.46,2.14,1.02,0.51,1.15,2.71
67,2022-04-07 14:15:13+00:00,0.91,1.74,1.74,1260,-76,69,24,1.74,354.31,92.10,11.52,1.21,0.00,0.00,0.91,1.74,0.95,2.18,2.39,18512,0.05,962.49,2.18,362.79,96.91,21.54,2.25,0.39,0.00,0.95,2.39
68,2022-04-07 14:17:13+00:00,0.42,1.29,1.75,1262,-74,69,23,1.29,287.75,71.46,12.80,2.31,0.63,0.39,0.42,1.75,0.92,1.66,3.09,18512,0.05,962.66,1.66,367.02,93.32,22.66,2.45,1.55,1.55,0.92,3.09
69,2022-04-07 14:19:13+00:00,0.64,1.15,1.71,1264,-76,69,23,1.15,296.13,76.67,7.16,1.42,0.76,0.76,0.64,1.71,1.08,2.35,3.68,18512,0.05,962.54,2.35,363.75,99.05,21.10,4.60,1.77,1.40,1.08,3.68
70,2022-04-07 14:21:14+00:00,0.09,0.55,0.55,1266,-74,69,22,0.55,227.30,49.61,7.88,0.11,0.00,0.00,0.09,0.55,0.89,1.55,2.29,18512,0.05,962.47,1.55,317.68,82.55,14.46,2.29,1.04,1.04,0.89,2.29
71,2022-04-07 14:23:14+00:00,0.69,1.05,1.21,1268,-76,70,23,1.05,302.59,75.88,10.98,0.90,0.24,0.00,0.69,1.21,0.25,0.79,2.04,18344,0.05,962.69,0.79,242.58,67.30,10.67,2.21,1.54,1.54,0.25,2.04
72,2022-04-07 14:25:14+00:00,0.69,0.78,1.24,1270,-76,70,23,0.78,266.78,67.89,8.16,0.87,0.45,0.18,0.69,1.24,0.36,1.12,1.40,18512,0.05,962.65,1.12,253.29,67.86,14.29,1.34,0.45,0.45,0.36,1.40
73,2022-04-07 14:27:14+00:00,0.21,1.00,1.12,1272,-75,70,22,1.00,245.09,63.21,10.07,1.34,0.00,0.00,0.21,1.12,0.72,2.37,3.02,18512,0.05,962.64,2.37,349.32,90.72,22.56,6.00,0.95,0.53,0.72,3.02
74,2022-04-07 14:29:14+00:00,0.72,1.26,1.57,1274,-72,70,23,1.26,345.31,83.60,10.24,0.50,0.34,0.17,0.72,1.57,0.88,1.14,1.84,18512,0.05,962.76,1.14,316.42,84.93,11.72,1.75,0.98,0.49,0.88,1.84
75,2022-04-07 14:31:15+00:00,0.63,1.49,1.84,1276,-76,70,21,1.49,292.53,78.40,13.05,2.00,0.35,0.18,0.63,1.84,0.32,0.61,2.02,18680,0.05,962.75,0.61,254.46,64.41,12.75,2.54,2.04,1.54,0.32,2.02
76,2022-04-07 14:33:14+00:00,0.61,0.95,1.39,1278,-75,69,21,0.95,266.20,67.84,10.77,1.41,0.55,0.30,0.61,1.39,0.53,1.19,3.14,18512,0.05,962.69,1.19,310.58,85.67,16.74,4.53,2.60,2.18,0.53,3.14
77,2022-04-07 14:35:14+00:00,0.33,1.04,1.53,1280,-72,70,21,1.04,279.22,69.27,10.75,2.18,0.53,0.53,0.33,1.53,0.54,0.97,1.29,18512,0.05,962.95,0.97,283.78,75.39,14.47,1.46,0.47,0.00,0.54,1.29
78,2022-04-07 14:37:14+00:00,0.53,1.40,1.76,1282,-73,70,21,1.40,287.69,71.52,13.00,1.84,0.41,0.41,0.53,1.76,0.75,1.38,3.31,18512,0.05,962.79,1.38,365.45,94.82,18.80,2.98,2.40,2.40,0.75,3.31
79,2022-04-07 14:39:14+00:00,0.24,0.80,1.10,1284,-73,70,22,0.80,258.92,62.85,8.29,0.98,0.39,0.39,0.24,1.10,0.59,1.21,1.66,18512,0.05,962.79,1.21,288.05,77.68,12.71,1.75,0.64,0.64,0.59,1.66
80,2022-04-07 14:41:14+00:00,0.29,0.70,0.98,1286,-76,70,21,0.70,271.29,61.70,7.18,0.62,0.32,0.32,0.29,0.98,0.61,1.10,2.31,18512,0.05,962.93,1.10,304.42,83.00,13.93,2.61,1.42,1.42,0.61,2.31
81,2022-04-07 14:43:14+00:00,0.49,0.91,1.25,1288,-72,71,21,0.91,267.71,64.75,8.07,1.18,0.35,0.35,0.49,1.25,0.38,1.26,1.66,18512,0.05,958.47,1.26,254.90,68.14,14.83,2.41,0.62,0.62,0.38,1.66
82,2022-04-07 14:45:14+00:00,0.16,0.95,1.21,1290,-74,71,21,0.95,265.09,65.83,12.10,1.71,0.24,0.24,0.16,1.21,0.73,1.27,2.60,18512,0.05,962.74,1.27,319.58,81.44,18.64,2.65,1.82,1.82,0.73,2.60
83,2022-04-07 14:47:14+00:00,0.69,1.55,2.62,1292,-76,71,20,1.55,296.84,77.09,15.12,3.34,1.45,1.10,0.69,2.62,0.20,0.93,1.96,18512,0.05,962.74,0.93,265.69,71.65,15.93,2.00,1.53,1.02,0.20,1.96
84,2022-04-07 14:49:14+00:00,0.35,1.11,1.24,1294,-77,70,21,1.11,286.91,67.87,10.55,1.71,0.25,0.00,0.35,1.24,0.45,1.41,2.55,18512,0.05,962.83,1.41,295.66,77.36,14.59,3.55,1.34,0.83,0.45,2.55
85,2022-04-07 14:51:14+00:00,0.91,1.66,1.96,1296,-75,70,21,1.66,360.48,87.98,15.09,1.07,0.45,0.45,0.91,1.96,0.32,1.95,4.25,18512,0.05,962.90,1.95,332.69,83.66,20.90,6.58,3.32,2.31,0.32,4.25
86,2022-04-07 14:53:14+00:00,0.70,1.18,1.35,1298,-74,69,20,1.18,336.47,75.65,11.11,1.11,0.26,0.26,0.70,1.35,0.49,1.04,1.40,18512,0.05,962.88,1.04,262.79,67.05,11.44,0.67,0.49,0.49,0.49,1.40
87,2022-04-07 14:55:14+00:00,0.51,1.12,1.64,1300,-74,70,20,1.12,308.90,75.63,10.69,0.88,0.63,0.37,0.51,1.64,0.84,2.07,2.71,18512,0.05,962.99,2.07,351.60,94.95,15.16,4.51,0.84,0.84,0.84,2.71
88,2022-04-07 14:57:14+00:00,1.02,1.74,1.86,1302,-76,70,20,1.74,337.97,88.29,14.09,1.83,0.07,0.07,1.02,1.86,0.45,1.18,1.98,18512,0.05,962.97,1.18,323.95,82.54,12.38,2.18,1.04,1.04,0.45,1.98
89,2022-04-07 14:59:14+00:00,0.35,0.84,1.51,1304,-73,69,20,0.84,282.11,71.84,10.16,1.05,0.78,0.47,0.35,1.51,0.54,0.95,2.02,18512,0.05,962.84,0.95,303.36,81.41,9.93,2.58,1.19,0.85,0.54,2.02
90,2022-04-07 15:01:14+00:00,0.91,1.45,2.22,1306,-74,69,20,1.45,332.51,82.33,10.60,2.11,0.98,0.85,0.91,2.22,0.89,2.67,3.28,18512,0.05,963.02,2.67,353.05,97.54,23.46,6.21,0.81,0.32,0.89,3.28
91,2022-04-07 15:03:14+00:00,0.71,1.14,1.64,1308,-70,70,21,1.14,292.98,72.71,12.03,2.19,0.63,0.63,0.71,1.64,0.82,1.36,1.41,18512,0.05,963.12,1.36,365.25,93.27,14.95,0.61,0.07,0.07,0.82,1.41
92,2022-04-07 15:05:14+00:00,0.60,0.81,1.11,1310,-71,71,20,0.81,273.05,68.58,8.70,1.11,0.23,0.23,0.60,1.11,0.21,1.20,2.14,18512,0.05,963.13,1.20,265.61,69.09,13.50,3.82,1.54,0.54,0.21,2.14
93,2022-04-07 15:07:14+00:00,0.50,0.86,1.04,1312,-73,71,20,0.86,277.93,68.59,8.41,1.09,0.00,0.00,0.50,1.04,0.64,1.22,2.43,18512,0.05,963.00,1.22,309.88,76.60,15.50,3.07,1.52,1.14,0.64,2.43
94,2022-04-07 15:09:14+00:00,0.59,0.88,1.57,1314,-74,71,20,0.88,260.20,62.80,9.27,1.18,0.73,0.73,0.59,1.57,0.43,1.09,2.29,18680,0.05,963.07,1.09,271.29,72.16,12.55,2.97,1.90,1.10,0.43,2.29
95,2022-04-07 15:11:14+00:00,0.50,0.97,1.43,1316,-76,70,19,0.97,286.29,68.74,8.12,1.14,0.55,0.55,0.50,1.43,0.31,0.84,1.35,18680,0.05,962.97,0.84,278.84,74.38,12.75,2.15,0.80,0.40,0.31,1.35
96,2022-04-07 15:13:14+00:00,0.86,1.51,1.84,1318,-72,71,20,1.51,326.68,79.74,13.26,2.04,0.47,0.30,0.86,1.84,0.87,1.76,3.22,18512,0.05,963.06,1.76,316.64,85.02,16.22,4.18,2.22,0.80,0.87,3.22
97,2022-04-07 15:15:14+00:00,0.96,1.95,2.66,1320,-76,70,19,1.95,388.18,97.98,16.80,2.43,0.61,0.61,0.96,2.66,0.97,2.00,3.19,18512,0.05,963.06,2.00,372.47,97.38,19.17,3.72,1.59,1.24,0.97,3.19
98,2022-04-07 15:17:14+00:00,0.50,1.54,1.96,1322,-73,70,19,1.54,305.95,75.79,12.25,3.38,0.64,0.64,0.50,1.96,0.50,1.97,2.57,18512,0.05,963.09,1.97,303.36,80.48,16.43,3.69,0.79,0.79,0.50,2.57
99,2022-04-07 15:19:14+00:00,0.37,1.60,2.18,1324,-74,71,19,1.60,304.89,81.18,15.07,1.84,0.96,0.63,0.37,2.18,0.67,1.67,1.96,18512,0.05,963.03,1.67,354.76,92.25,13.00,1.16,0.51,0.51,0.67,1.96
100,2022-04-07 15:21:15+00:00,1.04,1.67,1.79,1326,-74,70,19,1.67,346.42,89.23,11.70,1.47,0.26,0.26,1.04,1.79,0.79,1.89,3.07,18512,0.05,963.14,1.89,364.61,91.52,16.57,4.82,1.71,1.25,0.79,3.07
101,2022-04-07 15:23:14+00:00,1.26,2.04,2.54,1328,-76,72,19,2.04,375.42,98.14,16.70,1.68,0.18,0.00,1.26,2.54,0.72,1.78,3.26,18344,0.05,963.10,1.78,322.50,85.79,20.16,4.79,2.14,1.41,0.72,3.26
102,2022-04-07 15:25:14+00:00,0.91,1.66,1.91,1330,-72,71,19,1.66,321.98,88.29,11.84,2.17,0.24,0.24,0.91,1.91,1.07,1.80,3.02,18512,0.05,963.05,1.80,342.59,95.09,16.18,3.07,1.61,1.18,1.07,3.02
103,2022-04-07 15:27:14+00:00,1.00,1.72,2.11,1332,-75,70,19,1.72,360.42,88.70,11.23,2.18,0.74,0.74,1.00,2.11,0.86,1.71,2.41,18512,0.05,962.92,1.71,365.95,95.25,20.43,1.82,1.07,0.57,0.86,2.41
104,2022-04-07 15:29:14+00:00,1.34,2.23,3.04,1334,-75,71,18,2.23,433.77,107.39,19.71,2.43,0.93,0.52,1.34,3.04,1.48,2.67,3.86,18512,0.05,963.01,2.67,481.19,123.71,21.14,4.83,1.45,1.45,1.48,3.86
105,2022-04-07 15:31:14+00:00,1.89,3.18,3.55,1336,-76,71,18,3.18,561.21,143.54,19.11,1.89,0.46,0.46,1.89,3.55,2.10,3.45,4.98,18512,0.05,963.03,3.45,572.17,155.02,26.72,4.59,1.59,1.59,2.10,4.98
106,2022-04-07 15:33:14+00:00,1.88,3.18,4.23,1338,-76,71,18,3.18,549.84,142.95,22.23,4.11,1.04,0.86,1.88,4.23,1.86,3.04,4.75,18512,0.05,962.44,3.04,521.62,143.61,28.52,3.07,2.29,2.29,1.86,4.75
107,2022-04-07 15:35:14+00:00,1.59,2.76,3.43,1340,-73,72,18,2.76,498.05,129.66,19.36,2.43,0.86,0.64,1.59,3.43,1.46,2.55,3.64,18512,0.05,963.15,2.55,455.89,120.14,18.05,3.18,1.39,1.00,1.46,3.64
108,2022-04-07 15:37:14+00:00,1.37,2.09,2.42,1342,-72,71,18,2.09,454.47,108.28,16.14,1.44,0.16,0.16,1.37,2.42,1.18,2.21,2.82,18512,0.05,963.05,2.21,398.74,105.68,21.68,1.54,0.88,0.88,1.18,2.82
109,2022-04-07 15:39:14+00:00,1.71,2.34,2.45,1344,-74,72,18,2.34,497.41,126.89,17.30,0.73,0.20,0.00,1.71,2.45,0.90,2.10,3.25,18512,0.05,963.08,2.10,431.29,108.02,21.39,3.22,1.53,1.22,0.90,3.25
110,2022-04-07 15:41:14+00:00,1.12,2.18,2.30,1346,-73,71,18,2.18,422.58,107.77,17.56,1.32,0.32,0.00,1.12,2.30,1.41,2.43,3.36,18512,0.05,963.00,2.43,456.00,119.18,21.55,2.46,1.25,1.25,1.41,3.36
111,2022-04-07 15:43:14+00:00,1.56,2.68,2.96,1348,-73,73,18,2.68,466.16,119.89,20.32,2.00,0.37,0.00,1.56,2.96,1.11,1.89,2.02,18512,0.05,963.07,1.89,408.76,107.13,19.38,0.62,0.25,0.25,1.11,2.02
112,2022-04-07 15:45:14+00:00,1.82,3.00,3.52,1350,-74,71,18,3.00,503.41,130.77,20.25,3.09,0.57,0.52,1.82,3.52,1.64,3.34,3.88,18512,0.05,963.10,3.34,516.81,133.27,25.14,3.76,0.92,0.47,1.64,3.88
113,2022-04-07 15:47:15+00:00,1.25,2.20,2.29,1352,-72,73,18,2.20,430.53,107.87,12.82,1.45,0.13,0.00,1.25,2.29,1.24,2.17,2.52,18680,0.05,963.02,2.17,428.64,111.43,18.17,2.07,0.48,0.48,1.24,2.52
114,2022-04-07 15:49:14+00:00,1.88,3.53,4.07,1354,-74,72,18,3.53,520.29,133.67,28.19,4.97,0.67,0.47,1.88,4.07,1.60,2.58,3.12,18512,0.05,963.00,2.58,503.26,133.32,24.14,2.00,0.74,0.74,1.60,3.12
115,2022-04-07 15:51:14+00:00,1.48,2.81,2.97,1356,-72,73,18,2.81,472.24,118.26,19.48,1.86,0.16,0.16,1.48,2.97,1.20,2.24,2.62,18512,0.05,963.05,2.24,447.93,119.82,20.93,2.40,0.69,0.69,1.20,2.62
116,2022-04-07 15:53:14+00:00,0.97,1.90,2.50,1358,-74,72,18,1.90,405.36,94.12,15.81,2.14,0.62,0.62,0.97,2.50,1.53,3.22,4.78,18512,0.05,962.94,3.22,464.53,123.19,25.34,6.59,2.17,2.17,1.53,4.78
117,2022-04-07 15:55:14+00:00,1.30,2.00,2.34,1360,-74,73,18,2.00,443.14,114.95,10.46,1.04,0.52,0.52,1.30,2.34,1.00,2.31,3.22,18512,0.05,962.78,2.31,366.62,97.47,20.93,3.31,1.10,1.10,1.00,3.22
118,2022-04-07 15:57:14+00:00,1.73,3.47,4.15,1362,-72,72,17,3.47,508.47,136.56,23.33,4.04,0.93,0.51,1.73,4.15,1.44,3.46,4.96,18512,0.05,962.88,3.46,469.32,127.63,25.25,7.93,1.96,1.96,1.44,4.96
119,2022-04-07 15:59:14+00:00,1.53,2.47,3.03,1364,-72,73,17,2.47,497.69,120.32,16.66,1.58,0.66,0.66,1.53,3.03,1.45,3.09,4.30,18512,0.05,962.83,3.09,485.79,127.18,23.89,3.71,1.64,1.29,1.45,4.30
120,2022-04-07 16:01:14+00:00,1.04,2.02,2.02,1366,-72,72,17,2.02,414.26,101.72,14.60,1.60,0.00,0.00,1.04,2.02,0.79,2.28,3.32,18512,0.05,962.87,2.28,441.00,121.07,23.23,3.33,1.44,0.46,0.79,3.32
121,2022-04-07 16:03:14+00:00,0.89,2.09,2.38,1368,-72,74,17,2.09,369.76,95.31,19.64,1.96,0.69,0.24,0.89,2.38,0.66,1.93,5.12,18512,0.05,962.83,1.93,410.59,108.88,25.07,6.21,4.21,3.52,0.66,5.12
122,2022-04-07 16:05:14+00:00,0.95,1.55,1.93,1370,-70,73,17,1.55,349.02,92.88,15.27,1.00,0.29,0.00,0.95,1.93,0.72,1.21,1.54,18512,0.05,962.86,1.21,314.68,83.37,14.07,1.33,0.56,0.21,0.72,1.54
123,2022-04-07 16:07:14+00:00,1.00,1.74,2.17,1372,-73,71,17,1.74,331.55,88.12,17.16,1.81,0.52,0.09,1.00,2.17,0.78,2.22,2.70,18512,0.05,962.91,2.22,374.72,95.52,20.30,4.67,0.70,0.70,0.78,2.70
124,2022-04-07 16:09:14+00:00,0.49,1.51,1.95,1374,-73,73,17,1.51,280.63,69.14,13.14,3.32,0.77,0.60,0.49,1.95,0.61,1.18,1.61,18680,0.05,962.85,1.18,252.00,71.39,15.82,1.75,0.49,0.49,0.61,1.61
125,2022-04-07 16:11:14+00:00,0.45,1.20,1.47,1376,-75,73,17,1.20,279.22,64.35,11.58,1.07,0.31,0.31,0.45,1.47,0.40,1.22,2.24,18680,0.05,962.71,1.22,240.05,65.22,11.60,4.03,1.41,1.41,0.40,2.24
126,2022-04-07 16:13:15+00:00,0.74,1.40,1.61,1378,-72,72,17,1.40,330.84,77.89,9.56,1.77,0.33,0.16,0.74,1.61,0.59,2.14,3.19,18512,0.05,962.93,2.14,323.85,88.63,18.03,7.22,1.08,1.08,0.59,3.19
127,2022-04-07 16:15:15+00:00,0.91,1.60,2.19,1380,-75,73,17,1.60,345.26,83.74,14.30,1.84,0.79,0.60,0.91,2.19,0.86,1.32,2.14,18512,0.05,962.82,1.32,316.88,87.46,12.25,2.86,1.21,0.82,0.86,2.14
128,2022-04-07 16:17:14+00:00,1.25,2.18,2.23,1382,-72,73,17,2.18,411.84,109.35,13.95,1.25,0.18,0.00,1.25,2.23,0.78,2.26,2.26,18512,0.05,962.89,2.26,347.61,92.37,17.37,3.59,0.00,0.00,0.78,2.26
129,2022-04-07 16:19:14+00:00,0.91,1.89,2.09,1384,-72,73,17,1.89,393.59,93.18,15.62,1.95,0.25,0.25,0.91,2.09,1.00,1.53,2.12,18512,0.05,962.95,1.53,338.38,94.47,11.62,1.07,0.69,0.69,1.00,2.12
130,2022-04-07 16:21:14+00:00,0.84,1.42,2.27,1386,-71,74,17,1.42,338.02,84.13,11.24,2.29,0.80,0.80,0.84,2.27,0.79,1.81,2.10,18512,0.05,962.78,1.81,344.28,91.36,14.38,2.97,0.48,0.48,0.78,2.10
131,2022-04-07 16:23:14+00:00,1.00,2.38,3.13,1388,-73,74,17,2.38,366.65,93.49,18.96,3.25,1.24,0.44,1.00,3.13,0.89,1.41,2.46,18232,0.05,962.76,1.41,378.80,92.66,14.14,1.86,1.43,1.43,0.89,2.46
132,2022-04-07 16:25:15+00:00,1.57,2.77,3.05,1390,-75,73,17,2.77,441.16,117.59,21.96,1.77,0.29,0.29,1.57,3.05,1.46,3.08,4.83,18512,0.05,962.88,3.08,424.93,119.86,30.46,5.19,2.41,1.97,1.46,4.83
133,2022-04-07 16:27:14+00:00,0.93,1.62,1.86,1392,-75,73,17,1.62,350.79,91.90,10.97,0.95,0.16,0.16,0.93,1.86,0.84,1.37,2.51,18512,0.05,962.93,1.37,345.42,93.09,13.65,2.28,1.65,1.12,0.84,2.51
134,2022-04-07 16:29:15+00:00,1.11,1.68,1.93,1394,-74,74,16,1.68,365.32,89.49,14.86,1.47,0.25,0.25,1.11,1.93,0.71,1.30,2.46,18512,0.05,962.93,1.30,342.96,87.27,15.77,1.79,1.39,1.39,0.71,2.46
135,2022-04-07 16:31:14+00:00,1.05,1.79,1.91,1396,-74,74,16,1.79,359.37,92.44,12.54,1.32,0.21,0.00,1.05,1.91,1.44,2.33,3.40,18680,0.05,962.85,2.33,431.74,111.02,18.42,2.98,1.47,1.47,1.44,3.40
136,2022-04-07 16:33:14+00:00,0.86,1.25,1.75,1398,-71,74,17,1.25,327.91,80.57,11.34,1.71,0.46,0.46,0.86,1.75,1.31,3.03,4.10,18512,0.05,962.90,3.03,407.69,108.53,22.14,6.86,1.41,1.10,1.31,4.10
137,2022-04-07 16:35:14+00:00,1.00,1.65,1.65,1400,-72,74,16,1.65,378.16,92.67,12.56,1.25,0.00,0.00,1.00,1.65,0.68,1.28,2.12,18512,0.05,962.82,1.28,327.37,86.26,14.70,2.00,0.98,0.98,0.68,2.12
138,2022-04-07 16:37:14+00:00,1.26,2.03,2.59,1402,-73,75,17,2.03,393.41,102.38,12.95,2.10,0.50,0.26,1.26,2.59,0.95,1.75,2.68,18512,0.05,962.75,1.75,367.98,102.77,15.50,2.46,1.14,0.89,0.95,2.68
139,2022-04-07 16:39:15+00:00,1.29,2.15,2.24,1404,-74,74,16,2.15,389.14,102.14,20.93,1.02,0.19,0.19,1.29,2.24,0.45,1.70,2.20,18680,0.05,962.72,1.70,350.95,95.43,21.39,1.96,0.79,0.18,0.45,2.20
140,2022-04-07 16:41:15+00:00,0.78,1.71,2.16,1406,-72,73,16,1.71,337.04,85.58,15.49,1.93,0.47,0.47,0.78,2.16,0.85,1.64,2.24,18512,0.05,962.73,1.64,372.10,96.76,12.68,1.86,0.85,0.51,0.85,2.24
141,2022-04-07 16:43:15+00:00,0.84,1.38,1.95,1408,-74,74,16,1.38,348.22,82.44,12.58,1.24,0.47,0.25,0.84,1.95,0.58,1.19,1.53,18512,0.05,962.71,1.19,316.37,81.91,12.00,1.93,0.49,0.49,0.58,1.53
142,2022-04-07 16:45:14+00:00,1.48,2.24,3.14,1410,-75,74,16,2.24,452.74,114.33,13.86,3.52,1.10,0.90,1.48,3.14,1.11,2.04,2.77,18512,0.05,962.58,2.04,405.96,107.30,14.96,2.00,1.00,1.00,1.11,2.77
143,2022-04-07 16:47:14+00:00,1.07,1.64,1.64,1412,-73,76,16,1.64,364.58,92.71,13.58,0.59,0.00,0.00,1.07,1.64,0.68,1.77,2.41,18512,0.05,962.50,1.77,396.16,102.59,17.98,2.43,0.93,0.93,0.68,2.41
144,2022-04-07 16:49:15+00:00,1.67,2.65,3.15,1414,-71,75,16,2.65,491.62,127.55,18.80,3.02,0.78,0.42,1.67,3.15,1.48,2.52,3.45,18512,0.05,962.46,2.52,469.97,126.64,19.55,1.97,1.07,1.07,1.48,3.45
145,2022-04-07 16:51:15+00:00,2.12,3.02,3.80,1416,-75,74,16,3.02,572.79,153.62,18.70,1.77,1.12,0.62,2.12,3.80,2.10,3.66,5.24,18512,0.05,962.53,3.66,568.47,159.19,28.44,4.78,2.34,1.42,2.10,5.24
146,2022-04-07 16:53:14+00:00,2.24,3.60,4.43,1418,-76,74,15,3.60,615.10,154.62,25.21,2.71,1.19,1.00,2.24,4.43,2.07,3.04,4.04,18512,0.05,962.29,3.04,548.73,148.98,20.73,3.11,1.18,0.86,2.07,4.04
147,2022-04-07 16:55:14+00:00,2.75,3.72,4.11,1420,-75,75,16,3.72,663.63,162.63,21.47,1.37,0.26,0.26,2.75,4.11,2.62,4.18,4.96,18512,0.05,962.45,4.18,677.68,177.39,28.71,3.36,1.14,1.14,2.62,4.96
148,2022-04-07 16:57:14+00:00,2.10,3.41,3.45,1422,-72,75,16,3.41,621.88,158.66,23.90,1.17,0.07,0.00,2.10,3.45,2.42,3.46,4.65,18512,0.05,962.41,3.46,606.26,167.88,27.19,1.75,1.61,1.61,2.42,4.65
149,2022-04-07 16:59:14+00:00,2.18,3.35,3.80,1424,-71,75,16,3.35,598.42,157.87,24.29,1.55,0.62,0.00,2.18,3.80,2.40,4.65,6.00,18512,0.05,962.47,4.65,647.58,170.84,33.86,7.26,2.11,1.61,2.40,6.00
150,2022-04-07 17:01:14+00:00,2.28,3.24,3.48,1426,-74,74,17,3.24,594.52,150.78,22.36,2.09,0.24,0.24,2.28,3.48,2.51,4.67,5.00,18512,0.05,962.44,4.67,596.32,168.53,26.67,6.07,0.42,0.42,2.51,5.00
151,2022-04-07 17:03:14+00:00,2.46,3.61,4.14,1428,-75,75,16,3.61,626.95,156.81,21.05,2.81,0.75,0.33,2.46,4.14,2.11,3.29,3.86,18512,0.05,962.30,3.29,565.88,156.23,20.86,2.50,0.71,0.71,2.11,3.86
152,2022-04-07 17:05:15+00:00,3.07,4.45,4.90,1430,-71,74,17,4.45,765.52,200.83,25.41,3.05,0.67,0.36,3.07,4.90,2.49,3.93,4.65,18680,0.05,961.75,3.93,652.25,177.56,31.00,3.38,1.13,0.65,2.49,4.65
153,2022-04-07 17:07:14+00:00,3.02,4.29,4.40,1432,-74,75,16,4.29,684.98,185.45,25.76,3.15,0.11,0.11,3.02,4.40,2.84,5.00,6.11,18512,0.05,961.58,5.00,709.26,192.61,34.95,5.44,1.47,1.09,2.84,6.11
154,2022-04-07 17:09:14+00:00,3.26,4.67,5.49,1434,-68,76,16,4.67,770.79,205.14,30.91,3.05,0.84,0.60,3.26,5.49,3.12,5.59,5.98,18512,0.05,962.21,5.59,737.69,202.12,39.61,6.03,0.68,0.00,3.12,5.98
155,2022-04-07 17:11:14+00:00,2.69,4.08,4.59,1436,-73,75,16,4.08,686.44,180.71,27.12,2.85,0.58,0.58,2.69,4.59,3.30,5.46,7.26,18512,0.05,962.21,5.46,797.61,216.33,37.96,6.41,2.67,1.70,3.30,7.26
156,2022-04-07 17:13:14+00:00,3.33,4.19,4.66,1438,-73,75,16,4.19,769.50,200.02,23.60,1.48,0.29,0.29,3.33,4.66,2.86,3.93,5.56,18512,0.05,962.04,3.93,690.74,187.16,22.70,3.72,2.46,0.84,2.86,5.56
157,2022-04-07 17:15:15+00:00,3.22,4.13,4.59,1440,-72,75,16,4.13,758.50,196.80,21.33,1.54,0.57,0.57,3.22,4.59,3.23,4.79,5.95,18512,0.05,962.13,4.79,777.16,206.35,27.28,3.82,1.51,1.19,3.23,5.95
158,2022-04-07 17:17:14+00:00,3.36,4.77,5.64,1442,-70,76,16,4.77,774.48,201.57,34.66,2.59,0.95,0.95,3.36,5.64,2.76,4.28,5.43,18512,0.05,962.06,4.28,750.88,202.91,36.59,3.07,1.59,0.93,2.76,5.43
159,2022-04-07 17:19:14+00:00,3.17,4.67,5.05,1444,-74,77,16,4.67,776.60,201.02,35.08,1.58,0.50,0.50,3.17,5.05,3.02,4.89,5.31,18512,0.05,962.11,4.89,753.50,198.24,31.50,3.96,0.56,0.56,3.02,5.31
160,2022-04-07 17:21:15+00:00,2.77,4.93,5.12,1446,-73,77,16,4.93,754.58,194.33,35.00,3.88,0.19,0.19,2.77,5.12,3.53,5.14,5.60,18176,0.05,962.00,5.14,781.84,209.47,36.58,2.74,0.74,0.74,3.53,5.60
161,2022-04-07 17:23:15+00:00,3.47,4.82,5.16,1448,-72,77,16,4.82,833.89,226.19,30.19,1.65,0.49,0.05,3.47,5.16,3.40,4.74,6.46,18344,0.05,961.98,4.74,808.95,208.96,38.63,2.60,2.11,1.79,3.40,6.46
162,2022-04-07 17:25:15+00:00,3.31,5.12,5.52,1450,-72,76,15,5.12,842.22,218.05,36.84,2.31,0.34,0.19,3.31,5.52,3.65,5.72,6.56,18512,0.05,961.96,5.72,841.89,228.23,35.61,3.68,0.98,0.81,3.65,6.56
163,2022-04-07 17:27:15+00:00,3.89,5.80,6.57,1452,-72,76,15,5.80,913.71,246.14,40.98,3.52,0.91,0.68,3.89,6.57,3.26,5.16,7.31,18344,0.05,961.86,5.16,815.12,215.97,39.21,5.48,3.03,1.59,3.26,7.31
164,2022-04-07 17:29:15+00:00,4.91,6.95,7.71,1454,-71,76,15,6.95,1105.12,280.64,44.82,2.45,0.70,0.66,4.91,7.71,4.61,6.30,8.54,18344,0.05,961.82,6.30,1006.79,267.04,43.18,4.07,2.98,2.42,4.61,8.54
165,2022-04-07 17:31:15+00:00,5.33,8.23,8.84,1456,-70,78,15,8.23,1170.26,304.98,57.42,3.74,0.63,0.63,5.33,8.84,5.91,8.47,8.95,18344,0.05,955.80,8.47,1174.05,321.21,48.32,5.05,0.53,0.18,5.91,8.95
166,2022-04-07 17:33:15+00:00,5.74,8.66,9.41,1458,-70,77,15,8.66,1300.19,333.88,55.28,4.02,0.97,0.62,5.74,9.41,5.32,7.57,8.59,18344,0.05,961.89,7.57,1166.46,305.32,45.68,4.75,1.43,1.43,5.32,8.59
167,2022-04-07 17:35:15+00:00,4.75,7.19,7.68,1460,-75,78,16,7.19,1121.05,291.19,44.82,4.35,0.46,0.46,4.75,7.68,4.67,7.61,9.12,18344,0.05,961.82,7.61,1059.16,290.33,53.91,5.93,2.00,2.00,4.67,9.12
168,2022-04-07 17:37:15+00:00,4.79,6.68,7.11,1462,-72,76,16,6.68,1040.09,273.91,46.29,3.09,0.48,0.30,4.79,7.11,4.81,7.14,8.98,18344,0.05,961.76,7.14,994.71,268.38,50.78,5.66,2.45,1.97,4.81,8.98
169,2022-04-07 17:39:15+00:00,4.16,5.39,5.55,1464,-74,78,16,5.39,921.21,240.68,33.43,1.02,0.14,0.14,4.16,5.55,3.95,6.10,6.76,18344,0.05,961.68,6.10,950.29,254.83,35.58,4.17,0.85,0.85,3.95,6.76
170,2022-04-07 17:41:15+00:00,4.45,6.12,6.33,1466,-74,77,15,6.12,1035.10,273.43,38.91,2.14,0.19,0.00,4.45,6.33,4.35,6.56,7.05,18344,0.05,961.64,6.56,973.15,266.33,36.38,3.49,0.73,0.47,4.35,7.05
171,2022-04-07 17:43:15+00:00,4.02,5.49,5.88,1468,-72,78,16,5.49,959.68,240.47,34.67,2.46,0.40,0.40,4.02,5.88,4.59,6.80,7.11,18344,0.05,961.58,6.80,970.23,268.30,45.32,3.39,0.43,0.18,4.59,7.11
172,2022-04-07 17:45:15+00:00,5.32,7.92,8.40,1470,-74,76,16,7.92,1150.87,303.21,52.13,3.53,0.36,0.36,5.32,8.40,5.28,6.88,8.21,18344,0.05,961.49,6.88,1173.31,307.60,37.67,2.55,1.55,1.55,5.28,8.21
173,2022-04-07 17:47:15+00:00,5.35,8.72,9.69,1472,-70,76,15,8.72,1250.83,322.07,59.56,4.41,1.02,1.02,5.35,9.69,5.00,7.19,7.60,18344,0.05,961.55,7.19,1061.00,287.56,43.70,3.75,0.63,0.21,5.00,7.60
174,2022-04-07 17:49:15+00:00,5.66,8.71,9.52,1474,-71,76,16,8.71,1252.29,329.29,54.38,3.64,1.03,0.69,5.66,9.52,5.86,8.95,9.39,18344,0.05,961.48,8.95,1223.14,330.21,52.89,6.18,0.64,0.39,5.86,9.39
175,2022-04-07 17:51:15+00:00,5.22,7.40,7.53,1476,-71,78,15,7.40,1189.14,305.34,44.60,1.62,0.22,0.09,5.22,7.53,5.21,8.04,8.59,18344,0.05,961.75,8.04,1101.59,300.25,55.38,6.00,0.64,0.46,5.21,8.59
176,2022-04-07 17:53:15+00:00,5.68,9.12,9.80,1478,-73,78,15,9.12,1308.32,342.23,65.79,3.41,0.79,0.70,5.68,9.80,6.66,10.36,11.28,18344,0.05,960.96,10.36,1389.16,379.64,72.16,4.86,1.31,1.31,6.66,11.28
177,2022-04-07 17:55:15+00:00,7.34,11.07,11.68,1480,-74,77,15,11.07,1582.29,414.00,72.29,5.54,0.48,0.48,7.34,11.68,7.28,10.14,10.64,18344,0.05,961.54,10.14,1424.33,388.34,59.36,5.41,0.62,0.62,7.28,10.64
178,2022-04-07 17:57:15+00:00,8.60,12.05,12.77,1482,-75,76,15,12.05,1735.42,441.44,72.60,4.53,1.09,0.86,8.60,12.77,7.45,11.29,11.91,18344,0.05,961.56,11.29,1510.53,415.51,63.76,7.64,1.02,0.44,7.45,11.91
179,2022-04-07 17:59:15+00:00,7.86,11.09,11.95,1484,-72,77,15,11.09,1591.50,417.48,72.66,4.69,1.12,0.59,7.86,11.95,7.48,9.74,11.06,18344,0.05,961.47,9.74,1477.44,402.43,50.15,3.93,2.07,0.89,7.48,11.06
180,2022-04-07 18:01:15+00:00,7.62,9.77,10.46,1486,-71,77,15,9.77,1491.86,391.14,59.21,2.91,0.98,0.98,7.62,10.46,7.64,10.53,11.78,18344,0.05,961.36,10.53,1452.47,396.17,68.50,6.31,1.48,1.28,7.64,11.78
181,2022-04-07 18:03:15+00:00,6.73,9.56,10.15,1488,-75,78,15,9.56,1432.25,374.75,62.93,4.51,0.62,0.44,6.73,10.15,7.11,9.89,11.62,18344,0.05,961.25,9.89,1516.39,407.45,64.79,3.79,2.18,2.18,7.11,11.62
182,2022-04-07 18:05:15+00:00,7.98,11.40,12.67,1490,-73,77,15,11.40,1691.84,450.50,77.88,5.91,1.02,1.02,7.98,12.67,7.62,10.69,12.16,18344,0.05,961.07,10.69,1540.24,415.64,63.03,6.03,1.90,1.41,7.62,12.16
183,2022-04-07 18:07:15+00:00,8.72,13.03,13.86,1492,-72,77,15,13.03,1898.33,488.88,84.17,4.34,1.07,0.90,8.72,13.86,8.36,11.65,13.67,18344,0.05,961.39,11.65,1656.44,442.55,69.04,6.55,3.02,1.78,8.36,13.67
184,2022-04-07 18:09:15+00:00,8.50,12.09,12.95,1494,-71,79,15,12.09,1750.55,464.09,85.55,4.16,1.12,0.95,8.50,12.95,9.12,13.12,13.44,18344,0.05,961.38,13.12,1750.47,474.07,78.46,9.09,0.46,0.14,9.12,13.44
185,2022-04-07 18:11:15+00:00,7.60,10.77,10.82,1496,-71,79,15,10.77,1593.68,407.89,62.95,4.07,0.16,0.00,7.60,10.82,8.17,12.50,14.47,18344,0.05,961.18,12.50,1691.17,454.71,86.88,8.10,2.69,1.93,8.17,14.47
186,2022-04-07 18:13:15+00:00,7.58,11.96,12.77,1498,-72,77,15,11.96,1662.21,432.11,80.91,6.53,1.26,0.75,7.58,12.77,8.53,12.48,14.45,18344,0.05,961.28,12.48,1635.67,448.17,74.79,10.41,2.69,2.24,8.53,14.45
187,2022-04-07 18:15:15+00:00,8.81,13.72,14.33,1500,-72,78,15,13.72,1835.53,487.84,91.93,5.84,0.65,0.47,8.81,14.33,8.81,11.91,13.56,18344,0.05,961.24,11.91,1695.22,453.30,69.19,6.04,2.48,1.37,8.81,13.56
188,2022-04-07 18:17:15+00:00,9.00,13.89,15.18,1502,-75,80,16,13.89,1855.95,489.18,89.32,8.12,1.58,0.84,9.00,15.18,10.16,14.58,17.98,18344,0.05,961.38,14.58,1945.00,525.75,93.32,11.86,4.81,3.26,10.16,17.98
189,2022-04-07 18:19:15+00:00,10.73,15.96,16.78,1504,-72,78,15,15.96,2195.51,580.56,99.55,6.22,1.00,0.82,10.73,16.78,10.42,16.18,17.63,18344,0.05,960.99,16.18,1996.26,545.91,99.93,14.32,2.04,1.54,10.42,17.63
190,2022-04-07 18:21:15+00:00,10.04,15.71,16.47,1506,-72,78,15,15.71,2070.82,550.64,102.78,6.24,1.15,0.44,10.04,16.47,11.48,17.00,18.14,18344,0.05,961.19,17.00,2122.71,590.05,99.29,10.21,1.48,1.48,11.48,18.14
191,2022-04-07 18:23:15+00:00,12.64,17.69,18.29,1508,-72,77,15,17.69,2552.56,648.93,103.87,5.73,0.75,0.24,12.64,18.29,12.46,17.48,18.34,18344,0.05,961.10,17.48,2373.75,648.34,102.59,7.25,1.04,1.04,12.46,18.34
192,2022-04-07 18:25:15+00:00,11.76,16.72,18.35,1510,-74,78,15,16.72,2250.67,608.35,94.31,8.19,1.87,1.48,11.76,18.35,11.75,17.19,19.89,18344,0.05,961.00,17.19,2247.79,601.96,103.75,12.98,3.58,3.58,11.75,19.89
193,2022-04-07 18:27:15+00:00,12.20,18.93,20.71,1512,-74,79,15,18.93,2433.80,648.39,121.45,8.04,1.82,1.45,12.20,20.71,11.93,18.23,19.82,18344,0.05,960.92,18.23,2341.39,619.14,108.91,14.18,2.29,1.57,11.93,19.82
194,2022-04-07 18:29:15+00:00,10.33,15.00,16.21,1514,-75,79,14,15.00,2103.52,543.40,94.34,8.74,1.21,0.60,10.33,16.21,12.11,18.28,20.51,18344,0.05,960.86,18.28,2220.57,620.91,110.15,14.60,2.91,2.57,12.11,20.51
195,2022-04-07 18:31:15+00:00,12.54,18.00,19.26,1516,-71,80,14,18.00,2480.84,660.37,115.19,7.28,1.93,1.32,12.54,19.26,12.13,19.46,21.15,18344,0.05,960.82,19.46,2382.56,646.91,110.46,19.67,2.41,1.37,12.13,21.15
196,2022-04-07 18:33:15+00:00,13.36,18.43,19.12,1518,-72,79,14,18.43,2575.77,685.54,121.84,4.62,0.64,0.39,13.36,19.12,13.57,20.28,21.69,18344,0.05,960.78,20.28,2549.53,692.50,120.74,13.00,2.03,1.24,13.57,21.69
197,2022-04-07 18:35:15+00:00,12.93,18.42,19.21,1520,-74,81,15,18.42,2514.79,653.96,113.21,6.05,0.72,0.25,12.93,19.21,12.56,17.40,18.19,18344,0.05,960.69,17.40,2340.79,636.61,92.63,8.49,1.09,0.70,12.56,18.19
198,2022-04-07 18:37:15+00:00,12.47,18.25,19.11,1522,-72,76,14,18.25,2468.74,654.12,107.61,7.35,0.88,0.67,12.47,19.11,12.75,18.96,21.71,18344,0.05,960.76,18.96,2464.36,671.51,115.62,13.60,3.78,2.84,12.75,21.71
199,2022-04-07 18:39:15+00:00,12.39,18.84,20.16,1524,-74,79,15,18.84,2455.74,649.60,130.47,6.96,1.49,0.91,12.39,20.16,12.94,18.52,19.96,18344,0.05,960.70,18.52,2385.89,651.30,113.89,13.30,1.78,1.78,12.94,19.96
200,2022-04-07 18:41:15+00:00,12.43,18.80,20.31,1526,-73,73,15,18.80,2459.11,646.13,113.13,8.30,1.87,1.02,12.43,20.31,12.41,17.66,19.03,18344,0.05,960.75,17.66,2371.60,644.03,106.98,10.24,1.55,1.55,12.41,19.03
201,2022-04-07 18:43:15+00:00,13.82,18.65,19.32,1528,-72,79,15,18.65,2673.68,718.74,105.23,5.09,0.89,0.26,13.82,19.32,13.77,21.27,22.21,18344,0.05,960.70,21.27,2556.32,703.59,115.18,17.46,1.18,0.71,13.77,22.21
202,2022-04-07 18:45:16+00:00,12.64,18.21,18.53,1530,-72,78,14,18.21,2559.41,663.91,120.14,4.43,0.55,0.22,12.64,18.53,12.98,18.80,20.20,18344,0.05,960.67,18.80,2450.89,662.44,114.33,10.65,2.18,1.38,12.98,20.20
203,2022-04-07 18:47:15+00:00,13.02,19.44,19.86,1532,-75,81,15,19.44,2594.21,685.61,121.53,8.49,0.65,0.39,13.02,19.86,13.29,18.67,18.91,18344,0.05,960.59,18.67,2512.15,679.75,115.76,9.35,0.44,0.00,13.29,18.91
204,2022-04-07 18:49:15+00:00,15.54,23.02,24.44,1534,-74,79,14,23.02,3051.06,807.09,142.13,7.72,1.81,1.28,15.54,24.44,15.95,24.25,25.49,18344,0.05,960.70,24.25,3022.79,828.05,135.33,17.02,1.68,1.37,15.95,25.49
205,2022-04-07 18:51:15+00:00,15.41,22.16,23.16,1536,-73,77,14,22.09,3067.50,796.82,135.00,8.09,1.18,1.00,15.38,23.16,15.69,22.07,23.50,18344,0.05,960.79,21.91,2984.79,794.78,131.93,9.55,2.03,1.31,15.45,23.50
206,2022-04-07 18:53:15+00:00,17.88,25.86,27.41,1538,-75,79,15,25.84,3427.07,907.32,160.41,9.07,1.70,1.50,17.77,27.41,18.06,24.59,26.00,18344,0.05,960.56,24.59,3209.83,889.54,141.81,10.81,1.93,1.26,17.87,26.00
207,2022-04-07 18:55:15+00:00,16.53,25.03,26.59,1540,-74,79,14,24.98,3260.17,853.38,159.76,9.79,1.81,1.26,16.48,26.59,18.04,26.04,28.19,18344,0.05,960.59,26.04,3325.79,912.63,145.74,14.89,3.05,2.11,17.86,28.19
208,2022-04-07 18:57:15+00:00,18.33,27.19,27.98,1542,-72,79,14,27.16,3480.58,930.93,160.60,8.86,0.75,0.60,18.25,27.98,18.00,24.79,27.21,18344,0.05,960.47,24.79,3166.66,883.64,138.17,13.17,3.45,2.76,18.00,27.21
209,2022-04-07 18:59:15+00:00,18.26,27.09,27.93,1544,-76,79,15,26.93,3569.61,937.39,164.35,9.33,0.94,0.56,18.17,27.93,20.33,27.58,30.68,18344,0.05,954.81,27.39,3564.11,985.05,159.39,15.23,4.28,3.51,19.67,30.68
210,2022-04-07 19:01:15+00:00,19.39,27.05,27.95,1546,-70,79,15,27.00,3787.05,980.19,164.05,7.96,0.93,0.63,19.11,27.95,19.45,26.66,28.80,18344,0.05,960.45,26.66,3510.21,958.50,165.00,10.25,2.64,1.93,19.09,28.80
211,2022-04-07 19:03:15+00:00,18.66,27.76,28.75,1548,-74,79,14,27.47,3641.19,959.41,177.75,10.36,1.25,0.92,18.49,28.75,18.43,25.88,28.54,18512,0.05,960.40,25.84,3459.48,932.98,152.71,12.57,3.14,3.14,18.29,28.54
212,2022-04-07 19:05:15+00:00,19.47,29.62,30.85,1550,-69,79,15,28.98,3831.11,1002.31,188.60,9.78,1.40,1.05,19.20,30.85,19.72,28.21,30.95,18344,0.05,960.38,28.00,3575.95,980.26,157.19,18.88,3.76,2.93,19.40,30.95
213,2022-04-07 19:07:15+00:00,19.54,29.44,31.00,1552,-74,80,14,28.89,3816.56,1002.78,181.24,8.39,1.70,1.24,19.20,31.00,20.11,28.23,31.86,18344,0.05,960.21,27.89,3633.11,999.26,171.74,16.89,4.67,4.00,19.63,31.86
214,2022-04-07 19:09:15+00:00,19.07,27.82,28.95,1554,-70,80,14,27.50,3610.66,971.46,174.32,6.38,1.34,1.21,18.73,28.95,21.24,28.89,31.78,18344,0.05,960.27,28.55,3760.04,1030.56,170.51,13.02,4.40,2.69,20.55,31.78
215,2022-04-07 19:11:15+00:00,19.24,28.32,29.56,1556,-73,79,15,28.19,3651.92,975.08,171.68,8.85,1.42,1.10,18.88,29.56,20.28,30.28,31.79,18344,0.05,960.36,29.74,3703.87,1016.09,174.83,21.17,2.08,2.08,19.92,31.79
216,2022-04-07 19:13:15+00:00,18.39,27.91,29.09,1558,-74,79,14,27.79,3485.57,923.59,175.75,10.70,1.39,1.09,18.23,29.09,20.07,29.33,32.09,18344,0.05,960.19,28.96,3634.79,997.04,180.07,16.72,3.79,3.40,19.67,32.09
217,2022-04-07 19:15:15+00:00,19.93,29.69,31.13,1560,-71,79,14,29.22,3860.84,1012.51,182.64,10.04,1.62,1.29,19.44,31.13,21.35,30.32,32.07,18344,0.05,960.20,29.81,3756.68,1039.21,171.47,18.51,2.42,1.58,20.49,32.07
218,2022-04-07 19:17:15+00:00,18.89,26.85,27.53,1562,-74,79,14,26.73,3711.44,967.16,156.91,6.85,0.73,0.64,18.64,27.53,19.16,28.66,29.76,18344,0.05,960.11,28.50,3515.53,968.29,166.10,17.33,1.48,0.72,18.90,29.76
219,2022-04-07 19:19:15+00:00,19.96,29.79,31.42,1564,-72,80,15,29.33,3839.37,1018.23,192.11,10.96,1.98,1.33,19.37,31.42,21.02,29.89,31.27,18344,0.05,960.06,29.12,3807.16,1046.98,162.77,18.23,1.89,1.00,20.23,31.27
220,2022-04-07 19:21:15+00:00,19.50,28.68,29.80,1566,-73,80,14,28.46,3808.50,993.48,177.25,9.64,1.43,0.89,19.16,29.80,21.06,30.81,32.69,18344,0.05,960.02,29.98,3762.67,1032.57,179.39,19.02,2.41,2.33,20.33,32.69
221,2022-04-07 19:23:16+00:00,21.20,32.04,33.07,1568,-73,79,14,30.75,4141.85,1085.31,198.09,10.09,0.96,0.58,20.22,33.07,22.33,31.49,32.33,18176,0.05,960.10,30.47,3999.55,1093.33,185.09,16.11,1.13,0.80,21.24,32.33
222,2022-04-07 19:25:16+00:00,24.19,35.63,36.68,1570,-74,79,15,32.98,4664.53,1225.49,210.95,9.40,1.07,0.79,22.09,36.68,23.27,34.40,36.85,18344,0.05,960.05,32.35,4233.44,1154.80,200.80,23.60,3.24,2.44,21.64,36.85
223,2022-04-07 19:27:16+00:00,22.67,34.04,35.09,1572,-74,79,14,31.93,4389.76,1161.80,208.25,12.45,1.05,0.62,21.22,35.09,22.78,33.14,35.00,18344,0.05,959.94,31.62,4145.33,1136.10,190.41,21.07,2.55,1.48,21.33,35.00
224,2022-04-07 19:29:15+00:00,23.80,36.13,37.26,1574,-74,78,15,33.26,4680.33,1211.04,223.00,11.98,1.41,0.94,21.89,37.26,23.86,33.00,34.30,18344,0.05,960.01,31.40,4250.79,1155.82,183.84,16.40,1.68,1.47,21.96,34.30
225,2022-04-07 19:31:16+00:00,23.21,33.88,34.88,1576,-74,81,14,31.88,4384.98,1159.39,202.75,10.21,1.11,0.77,21.48,34.88,24.89,34.53,37.02,18344,0.05,959.86,32.21,4416.05,1206.07,203.25,18.51,3.30,2.70,22.49,36.96
226,2022-04-07 19:33:16+00:00,25.09,36.47,38.32,1578,-73,79,15,33.44,4721.37,1250.23,219.18,10.32,2.32,1.58,22.58,38.14,24.89,36.00,38.19,18344,0.05,959.90,33.30,4546.70,1230.08,205.87,21.36,2.91,2.15,22.57,38.17
227,2022-04-07 19:35:16+00:00,28.11,40.11,42.35,1580,-71,79,14,35.60,5268.44,1381.87,238.20,12.67,2.71,1.91,24.24,42.00,28.91,40.44,42.82,18344,0.05,959.72,36.00,5188.53,1414.47,227.65,23.64,3.38,2.18,24.78,42.51
228,2022-04-07 19:37:16+00:00,26.27,38.69,39.77,1582,-71,79,14,34.92,5059.67,1317.79,232.79,9.71,1.02,0.90,23.37,39.65,27.22,41.09,44.33,18344,0.05,959.79,36.41,4897.76,1340.34,249.29,31.16,4.48,3.62,23.97,43.52
229,2022-04-07 19:39:16+00:00,27.82,41.69,43.69,1584,-74,80,15,36.65,5330.40,1402.58,253.09,13.91,2.35,1.29,23.96,43.31,28.30,40.81,42.89,18344,0.05,959.82,36.09,5158.39,1389.33,236.02,23.17,2.67,1.74,24.54,42.63
230,2022-04-07 19:41:16+00:00,29.40,43.38,45.45,1586,-76,79,14,37.71,5629.09,1470.66,265.67,15.67,2.72,1.52,25.12,44.81,31.19,45.81,47.56,18344,0.05,959.81,39.00,5509.67,1503.40,256.06,31.94,2.42,2.12,26.19,46.19
